metro,date,upt,year,month,baseline_monthly_mean,pct_of_baseline,jan2019_upt,index_jan2019_100,upt_12m_avg
Chicago,2002-01-01,48895831,2002,1,45894020.6,1.0654074400271656,40896269,119.56061566398637,
Chicago,2002-02-01,45993659,2002,2,45198820.2,1.0175853882132968,40896269,112.46419324951134,
Chicago,2002-03-01,48335790,2002,3,50656980.0,0.954178279084146,40896269,118.191197343699,47741760.0
Chicago,2002-04-01,49837460,2002,4,49157274.6,1.013836922521331,40896269,121.86309709572774,48265685.0
Chicago,2002-05-01,51606509,2002,5,51113222.0,1.0096508688104224,40896269,126.18879487515109,48933849.8
Chicago,2002-06-01,48792124,2002,6,50755660.2,0.9613139462226914,40896269,119.30703018409821,48910228.833333336
Chicago,2002-07-01,50774699,2002,7,50134314.8,1.0127733709447246,40896269,124.15484405191096,49176581.71428572
Chicago,2002-08-01,50163203,2002,8,51053404.2,0.9825633331616307,40896269,122.65960740819656,49299909.375
Chicago,2002-09-01,51097348,2002,9,51562059.0,0.9909873459475309,40896269,124.9437888820616,49499624.777777776
Chicago,2002-10-01,55047438,2002,10,54155936.8,1.0164617445967623,40896269,134.60259174253767,50054406.1
Chicago,2002-11-01,48434838,2002,11,48094651.8,1.0070732646410385,40896269,118.43339058631486,49907172.63636363
Chicago,2002-12-01,46409542,2002,12,44379024.8,1.0457539842110277,40896269,113.48111486649309,49615703.416666664
Chicago,2003-01-01,47056551,2003,1,45894020.6,1.025330759536897,40896269,115.06318828253012,49462430.083333336
Chicago,2003-02-01,44464628,2003,2,45198820.2,0.9837563857474314,40896269,108.72539008387294,49335010.833333336
Chicago,2003-03-01,48244262,2003,3,50656980.0,0.9523714599646486,40896269,117.96739208654952,49327383.5
Chicago,2003-04-01,48484686,2003,4,49157274.6,0.9863176181862613,40896269,118.55527945593276,49214652.333333336
Chicago,2003-05-01,49350925,2003,5,51113222.0,0.9655217000407449,40896269,120.67341644295229,49026687.0
Chicago,2003-06-01,48532893,2003,6,50755660.2,0.9562065158596833,40896269,118.67315573457324,49005084.416666664
Chicago,2003-07-01,49586132,2003,7,50134314.8,0.9890657167214342,40896269,121.24854714741826,48906037.166666664
Chicago,2003-08-01,47679965,2003,8,51053404.2,0.9339233249405923,40896269,116.58756694895567,48699100.666666664
Chicago,2003-09-01,51373925,2003,9,51562059.0,0.996351309399805,40896269,125.62007795870083,48722148.75
Chicago,2003-10-01,54022596,2003,10,54155936.8,0.9975378359626124,40896269,132.09663698172565,48636745.25
Chicago,2003-11-01,45108275,2003,11,48094651.8,0.9379062600885698,40896269,110.29924270108846,48359531.666666664
Chicago,2003-12-01,45603450,2003,12,44379024.8,1.0275901781419947,40896269,111.51004997546352,48292357.333333336
Chicago,2004-01-01,45149340,2004,1,45894020.6,0.9837739080110144,40896269,110.39965528395757,48133423.083333336
Chicago,2004-02-01,44940758,2004,2,45198820.2,0.994290510264248,40896269,109.88962831792797,48173100.583333336
Chicago,2004-03-01,50255078,2004,3,50656980.0,0.9920662068682341,40896269,122.88426115350524,48340668.583333336
Chicago,2004-04-01,48215989,2004,4,49157274.6,0.9808515503013667,40896269,117.89825864065986,48318277.166666664
Chicago,2004-05-01,48007627,2004,5,51113222.0,0.9392408680478018,40896269,117.3887696210136,48206335.666666664
Chicago,2004-06-01,49981724,2004,6,50755660.2,0.9847517262715065,40896269,122.2158529913817,48327071.583333336
Chicago,2004-07-01,48819847,2004,7,50134314.8,0.9737810757912264,40896269,119.37481876402956,48263214.5
Chicago,2004-08-01,48275642,2004,8,51053404.2,0.9455910483634311,40896269,118.04412280249818,48312854.25
Chicago,2004-09-01,51554153,2004,9,51562059.0,0.9998466702037636,40896269,126.06077341676327,48327873.25
Chicago,2004-10-01,52523481,2004,10,54155936.8,0.9698563833171473,40896269,128.43098474337597,48202947.0
Chicago,2004-11-01,48735253,2004,11,48094651.8,1.0133195932608874,40896269,119.1679685987981,48505195.166666664
Chicago,2004-12-01,45660325,2004,12,44379024.8,1.028871752044448,40896269,111.64912134160699,48509934.75
Chicago,2005-01-01,46299658,2005,1,45894020.6,1.0088385675235436,40896269,113.21242531928768,48605794.583333336
Chicago,2005-02-01,46464714,2005,2,45198820.2,1.0280072310383004,40896269,113.61602203858743,48732790.916666664
Chicago,2005-03-01,50474080,2005,3,50656980.0,0.9963894412971323,40896269,123.41976721641772,48751041.083333336
Chicago,2005-04-01,50423460,2005,4,49157274.6,1.0257578437841222,40896269,123.2959906440365,48934997.0
Chicago,2005-05-01,50949857,2005,5,51113222.0,0.9968038602614407,40896269,124.5831422910486,49180182.833333336
Chicago,2005-06-01,52203154,2005,6,50755660.2,1.0285188645817278,40896269,127.64771769278025,49365302.0
Chicago,2005-07-01,49712956,2005,7,50134314.8,0.9915954012400305,40896269,121.55865856613961,49439727.75
Chicago,2005-08-01,52011969,2005,8,51053404.2,1.0187757273980174,40896269,127.18023005961743,49751088.333333336
Chicago,2005-09-01,54654189,2005,9,51562059.0,1.0599690947174938,40896269,133.64101502755668,50009424.666666664
Chicago,2005-10-01,54839393,2005,10,54155936.8,1.012620152847213,40896269,134.09387785472558,50202417.333333336
Chicago,2005-11-01,50271656,2005,11,48094651.8,1.045264995556117,40896269,122.92479785869955,50330450.916666664
Chicago,2005-12-01,47066712,2005,12,44379024.8,1.0605621059072934,40896269,115.08803406980721,50447649.833333336
Chicago,2006-01-01,47758168,2006,1,45894020.6,1.040618524496849,40896269,116.77878977175156,50569192.333333336
Chicago,2006-02-01,46148031,2006,2,45198820.2,1.0210007870957658,40896269,112.8416653362682,50542802.083333336
Chicago,2006-03-01,52795356,2006,3,50656980.0,1.0422128599059794,40896269,129.0957764386771,50736241.75
Chicago,2006-04-01,48850774,2006,4,49157274.6,0.9937648984307197,40896269,119.45044179947075,50605184.583333336
Chicago,2006-05-01,53342087,2006,5,51113222.0,1.0436064273154215,40896269,130.43264900277333,50804537.083333336
Chicago,2006-06-01,51896751,2006,6,50755660.2,1.022482040338035,40896269,126.89849775782724,50779003.5
Chicago,2006-07-01,50672472,2006,7,50134314.8,1.0107343084700942,40896269,123.90487748405606,50858963.166666664
Chicago,2006-08-01,52511205,2006,8,51053404.2,1.0285544288934996,40896269,128.4009673351865,50900566.166666664
Chicago,2006-09-01,53040022,2006,9,51562059.0,1.0286637700018924,40896269,129.69403639241517,50766052.25
Chicago,2006-10-01,55125543,2006,10,54155936.8,1.0179039687482612,40896269,134.7935749346719,50789898.083333336
Chicago,2006-11-01,51084025,2006,11,48094651.8,1.0621560420570506,40896269,124.91121133812966,50857595.5
Chicago,2006-12-01,47310333,2006,12,44379024.8,1.066051658710626,40896269,115.6837387782245,50877897.25
Chicago,2007-01-01,49243519,2007,1,45894020.6,1.0729833289001487,40896269,120.41078612819179,51001676.5
Chicago,2007-02-01,44400379,2007,2,45198820.2,0.9823349105913166,40896269,108.56828773304478,50856038.833333336
Chicago,2007-03-01,52753789,2007,3,50656980.0,1.0413923017124196,40896269,128.99413635996964,50852574.916666664
Chicago,2007-04-01,50020289,2007,4,49157274.6,1.0175561889267148,40896269,122.31015254716758,50950034.5
Chicago,2007-05-01,54450209,2007,5,51113222.0,1.0652861797677322,40896269,133.14224092178188,51042378.0
Chicago,2007-06-01,52372582,2007,6,50755660.2,1.0318569750374362,40896269,128.06200487384314,51082030.583333336
Chicago,2007-07-01,52821378,2007,7,50134314.8,1.0535972858254763,40896269,129.15940571498098,51261106.083333336
Chicago,2007-08-01,53388720,2007,8,51053404.2,1.045742606915133,40896269,130.54667651956223,51334232.333333336
Chicago,2007-09-01,53146641,2007,9,51562059.0,1.0307315501112941,40896269,129.95474232624986,51343117.25
Chicago,2007-10-01,57928670,2007,10,54155936.8,1.0696642588592429,40896269,141.64781144216357,51576711.166666664
Chicago,2007-11-01,51466986,2007,11,48094651.8,1.0701186945696943,40896269,125.84763172405775,51608624.583333336
Chicago,2007-12-01,46900717,2007,12,44379024.8,1.0568217127655315,40896269,114.682141297535,51574489.916666664
Chicago,2008-01-01,50735937,2008,1,45894020.6,1.105502118504736,40896269,124.0600627895909,51698858.083333336
Chicago,2008-02-01,48574377,2008,2,45198820.2,1.0746824095200609,40896269,118.77459286078151,52046691.25
Chicago,2008-03-01,51265360,2008,3,50656980.0,1.0120097960833827,40896269,125.35461364458456,51922655.5
Chicago,2008-04-01,55141862,2008,4,49157274.6,1.1217436777912826,40896269,134.8334783302604,52349453.25
Chicago,2008-05-01,55987962,2008,5,51113222.0,1.0953714089868958,40896269,136.90237121630827,52477599.333333336
Chicago,2008-06-01,55366102,2008,6,50755660.2,1.0908360128078878,40896269,135.38179240751765,52727059.333333336
Chicago,2008-07-01,57933682,2008,7,50134314.8,1.155569438439797,40896269,141.66006683886002,53153084.666666664
Chicago,2008-08-01,56362213,2008,8,51053404.2,1.1039854027990557,40896269,137.81749381587844,53400875.75
Chicago,2008-09-01,57734939,2008,9,51562059.0,1.1197174845170554,40896269,141.17409830221922,53783233.916666664
Chicago,2008-10-01,61097700,2008,10,54155936.8,1.128181019666158,40896269,149.3967579291891,54047319.75
Chicago,2008-11-01,51564451,2008,11,48094651.8,1.0721452192736325,40896269,126.0859541979245,54055441.833333336
Chicago,2008-12-01,48429393,2008,12,44379024.8,1.0912676251506996,40896269,118.42007641332759,54182831.5
Chicago,2009-01-01,49353131,2009,1,45894020.6,1.0753717010359296,40896269,120.67881057805052,54067597.666666664
Chicago,2009-02-01,48925050,2009,2,45198820.2,1.0824408642418502,40896269,119.6320622793243,54096820.416666664
Chicago,2009-03-01,53723134,2009,3,50656980.0,1.060527769322214,40896269,131.36438925516654,54301634.916666664
Chicago,2009-04-01,52584863,2009,4,49157274.6,1.0697269819755222,40896269,128.58107667474508,54088551.666666664
Chicago,2009-05-01,53426562,2009,5,51113222.0,1.045259130797898,40896269,130.63920818791564,53875101.666666664
Chicago,2009-06-01,53677167,2009,6,50755660.2,1.057560216702688,40896269,131.25199024879262,53734357.083333336
Chicago,2009-07-01,55323998,2009,7,50134314.8,1.103515590483347,40896269,135.27883925059277,53516883.416666664
Chicago,2009-08-01,52906573,2009,8,51053404.2,1.036298633343631,40896269,129.36772545192326,53228913.416666664
Chicago,2009-09-01,55671214,2009,9,51562059.0,1.0796933846260872,40896269,136.12785557528488,53056936.333333336
Chicago,2009-10-01,56988991,2009,10,54155936.8,1.052312901731579,40896269,139.35009817154713,52714543.916666664
Chicago,2009-11-01,51733570,2009,11,48094651.8,1.0756615977828954,40896269,126.49948580883992,52728637.166666664
Chicago,2009-12-01,48594548,2009,12,44379024.8,1.0949890904317483,40896269,118.82391520849981,52742400.083333336
Chicago,2010-01-01,49092479,2010,1,45894020.6,1.069692268364912,40896269,120.04146148393147,52720679.083333336
Chicago,2010-02-01,48084109,2010,2,45198820.2,1.0638354892281014,40896269,117.5757842359654,52650600.666666664
Chicago,2010-03-01,53794328,2010,3,50656980.0,1.061933182751913,40896269,131.53847359523186,52656533.5
Chicago,2010-04-01,52963992,2010,4,49157274.6,1.0774395535752506,40896269,129.50812701276,52688127.583333336
Chicago,2010-05-01,52320734,2010,5,51113222.0,1.0236242591007079,40896269,127.93522558255866,52595975.25
Chicago,2010-06-01,53628355,2010,6,50755660.2,1.0565985111548208,40896269,131.132634617598,52591907.583333336
Chicago,2010-07-01,53253473,2010,7,50134314.8,1.0622160333185606,40896269,130.21596908999206,52419363.833333336
Chicago,2010-08-01,54112217,2010,8,51053404.2,1.059913983169804,40896269,132.31577922181606,52519834.166666664
Chicago,2010-09-01,55360797,2010,9,51562059.0,1.073673124651597,40896269,135.36882056404704,52493966.083333336
Chicago,2010-10-01,56104922,2010,10,54155936.8,1.035988394166233,40896269,137.18836307537003,52420293.666666664
Chicago,2010-11-01,51964424,2010,11,48094651.8,1.080461590949703,40896269,127.06397251054857,52439531.5
Chicago,2010-12-01,47095231,2010,12,44379024.8,1.0612047293116726,40896269,115.15776903756183,52314588.416666664
Chicago,2011-01-01,49456574,2011,1,45894020.6,1.077625654789548,40896269,120.93175052227869,52344929.666666664
Chicago,2011-02-01,46912837,2011,2,45198820.2,1.037921715487609,40896269,114.71177725283448,52247323.666666664
Chicago,2011-03-01,55677211,2011,3,50656980.0,1.0991024534032625,40896269,136.1425195046521,52404230.583333336
Chicago,2011-04-01,52793644,2011,4,49157274.6,1.073974186518469,40896269,129.0915902377305,52390034.916666664
Chicago,2011-05-01,54316376,2011,5,51113222.0,1.0626678161670184,40896269,132.81499102032998,52556338.416666664
Chicago,2011-06-01,55589537,2011,6,50755660.2,1.095238181927934,40896269,135.92813809005412,52719770.25
Chicago,2011-07-01,53597642,2011,7,50134314.8,1.0690809720610763,40896269,131.05753485727513,52748451.0
Chicago,2011-08-01,57097135,2011,8,51053404.2,1.1183805643267957,40896269,139.6145330519026,52997194.166666664
Chicago,2011-09-01,57141380,2011,9,51562059.0,1.1082059387892171,40896269,139.7227214052216,53145576.083333336
Chicago,2011-10-01,58162355,2011,10,54155936.8,1.0739792982401146,40896269,142.2192205357413,53317028.833333336
Chicago,2011-11-01,54294396,2011,11,48094651.8,1.128907143891621,40896269,132.76124528621423,53511193.166666664
Chicago,2011-12-01,51350129,2011,12,44379024.8,1.1570810587077165,40896269,125.56189172171182,53865768.0
Chicago,2012-01-01,51898558,2012,1,45894020.6,1.1308348521550102,40896269,126.90291625380301,54069266.666666664
Chicago,2012-02-01,53129372,2012,2,45198820.2,1.1754592656380884,40896269,129.91251598036973,54587311.25
Chicago,2012-03-01,57669787,2012,3,50656980.0,1.1384371314673714,40896269,141.0147879260086,54753359.25
Chicago,2012-04-01,54192800,2012,4,49157274.6,1.1024370338057756,40896269,132.51282164639517,54869955.583333336
Chicago,2012-05-01,56915125,2012,5,51113222.0,1.1135108054819944,40896269,139.16948022813526,55086518.0
Chicago,2012-06-01,56006830,2012,6,50755660.2,1.1034597871312881,40896269,136.9485074543108,55121292.416666664
Chicago,2012-07-01,54381484,2012,7,50134314.8,1.0847158122524097,40896269,132.97419380726393,55186612.583333336
Chicago,2012-08-01,58021698,2012,8,51053404.2,1.1364902871648273,40896269,141.875284515563,55263659.5
Chicago,2012-09-01,56138975,2012,9,51562059.0,1.088765190699619,40896269,137.2716298398761,55180125.75
Chicago,2012-10-01,61117787,2012,10,54155936.8,1.1285519300628182,40896269,149.4458748791974,55426411.75
Chicago,2012-11-01,55017981,2012,11,48094651.8,1.1439521639285473,40896269,134.53056316702143,55486710.5
Chicago,2012-12-01,49468664,2012,12,44379024.8,1.1146856926878665,40896269,120.96131312125318,55329921.75
Chicago,2013-01-01,51830414,2013,1,45894020.6,1.1293500399919199,40896269,126.7362898067792,55324243.083333336
Chicago,2013-02-01,49735761,2013,2,45198820.2,1.1003774164884064,40896269,121.61442159919282,55041442.166666664
Chicago,2013-03-01,53747846,2013,3,50656980.0,1.061015599429733,40896269,131.42481530527883,54714613.75
Chicago,2013-04-01,54941810,2013,4,49157274.6,1.1176740461522656,40896269,134.34430901263877,54777031.25
Chicago,2013-05-01,56267513,2013,5,51113222.0,1.1008406591938187,40896269,137.58593234996573,54723063.583333336
Chicago,2013-06-01,54092784,2013,6,50755660.2,1.0657488009583609,40896269,132.2682614396927,54563559.75
Chicago,2013-07-01,55550893,2013,7,50134314.8,1.1080413329993293,40896269,135.83364536261243,54661010.5
Chicago,2013-08-01,55798129,2013,8,51053404.2,1.0929365019698334,40896269,136.43818950819207,54475713.083333336
Chicago,2013-09-01,56181592,2013,9,51562059.0,1.0895917092837584,40896269,137.3758373899585,54479264.5
Chicago,2013-10-01,59307872,2013,10,54155936.8,1.0951314944292498,40896269,145.02025111386078,54328438.25
Chicago,2013-11-01,51902421,2013,11,48094651.8,1.0791724039470019,40896269,126.91236210325201,54068808.25
Chicago,2013-12-01,48106186,2013,12,44379024.8,1.083984747677466,40896269,117.62976715553197,53955268.416666664
Chicago,2014-01-01,46819299,2014,1,45894020.6,1.0201611972083353,40896269,114.48305712191006,53537675.5
Chicago,2014-02-01,48508504,2014,2,45198820.2,1.073225004222566,40896269,118.6135194875601,53435404.083333336
Chicago,2014-03-01,54365939,2014,3,50656980.0,1.0732171361182605,40896269,132.9361830048604,53486911.833333336
Chicago,2014-04-01,54210494,2014,4,49157274.6,1.102796980530731,40896269,132.55608720687943,53425968.833333336
Chicago,2014-05-01,54878049,2014,5,51113222.0,1.0736566166773833,40896269,134.18839992469728,53310180.166666664
Chicago,2014-06-01,52851622,2014,6,50755660.2,1.04129513421244,40896269,129.23335867142305,53206750.0
Chicago,2014-07-01,53940614,2014,7,50134314.8,1.0759220349412255,40896269,131.89617370719077,53072560.083333336
Chicago,2014-08-01,52860163,2014,8,51053404.2,1.0353895852453263,40896269,129.2542432171502,52827729.583333336
Chicago,2014-09-01,55773020,2014,9,51562059.0,1.0816678209068415,40896269,136.37679270937895,52793681.916666664
Chicago,2014-10-01,58552621,2014,10,54155936.8,1.0811856365117851,40896269,143.17350318680658,52730744.333333336
Chicago,2014-11-01,49574089,2014,11,48094651.8,1.0307609504306672,40896269,121.21909947335294,52536716.666666664
Chicago,2014-12-01,49797692,2014,12,44379024.8,1.1220997357292088,40896269,121.7658559513094,52677675.5
Chicago,2015-01-01,48577269,2015,1,45894020.6,1.058466187205224,40896269,118.78166441051138,52824173.0
Chicago,2015-02-01,46701882,2015,2,45198820.2,1.0332544476459586,40896269,114.19594780149748,52673621.166666664
Chicago,2015-03-01,54178045,2015,3,50656980.0,1.069507992778093,40896269,132.47674256054995,52657963.333333336
Chicago,2015-04-01,53097611,2015,4,49157274.6,1.0801577473947264,40896269,129.83485363909358,52565223.083333336
Chicago,2015-05-01,53142713,2015,5,51113222.0,1.0397057927594546,40896269,129.9451375380967,52420611.75
Chicago,2015-06-01,54466919,2015,6,50755660.2,1.0731200970566825,40896269,133.1831003948062,52555219.833333336
Chicago,2015-07-01,55009501,2015,7,50134314.8,1.0972425018562337,40896269,134.5098277791551,52644293.75
Chicago,2015-08-01,53075305,2015,8,51053404.2,1.0396036431200408,40896269,129.78031076624617,52662222.25
Chicago,2015-09-01,55371814,2015,9,51562059.0,1.0738867895093174,40896269,135.39575945179743,52628788.416666664
Chicago,2015-10-01,57715430,2015,10,54155936.8,1.0657267404152817,40896269,141.12639468407252,52559022.5
Chicago,2015-11-01,50323374,2015,11,48094651.8,1.0463403334172803,40896269,123.05125927257569,52621462.916666664
Chicago,2015-12-01,48912061,2015,12,44379024.8,1.102143664049148,40896269,119.60030143581068,52547660.333333336
Chicago,2016-01-01,47828113,2016,1,45894020.6,1.042142579244844,40896269,116.94982004348611,52485230.666666664
Chicago,2016-02-01,48857457,2016,2,45198820.2,1.080945404853731,40896269,119.46678314346964,52664861.916666664
Chicago,2016-03-01,53169172,2016,3,50656980.0,1.0495922180911692,40896269,130.00983537153473,52580789.166666664
Chicago,2016-04-01,50686599,2016,4,49157274.6,1.0311108460028415,40896269,123.93942097749797,52379871.5
Chicago,2016-05-01,51891001,2016,5,51113222.0,1.015216786764098,40896269,126.88443779553582,52275562.166666664
Chicago,2016-06-01,52441904,2016,6,50755660.2,1.0332227734474428,40896269,128.23151177922855,52106810.916666664
Chicago,2016-07-01,50648183,2016,7,50134314.8,1.0102498299228775,40896269,123.84548575812624,51743367.75
Chicago,2016-08-01,51851551,2016,8,51053404.2,1.0156335667034715,40896269,126.78797422816248,51641388.25
Chicago,2016-09-01,53116056,2016,9,51562059.0,1.0301383814017202,40896269,129.87995555291366,51453408.416666664
Chicago,2016-10-01,54374032,2016,10,54155936.8,1.0040271706646944,40896269,132.95597209613425,51174958.583333336
Chicago,2016-11-01,50553883,2016,11,48094651.8,1.051133153229316,40896269,123.61490237654687,51194167.666666664
Chicago,2016-12-01,44824222,2016,12,44379024.8,1.0100317030851025,40896269,109.60467322825953,50853514.416666664
Chicago,2017-01-01,46577192,2017,1,45894020.6,1.0148858476783793,40896269,113.89105446269438,50749271.0
Chicago,2017-02-01,45535230,2017,2,45198820.2,1.0074428889628406,40896269,111.34323769241638,50472418.75
Chicago,2017-03-01,50932690,2017,3,50656980.0,1.0054426852923328,40896269,124.5411653566735,50286045.25
Chicago,2017-04-01,47565277,2017,4,49157274.6,0.9676142012966683,40896269,116.30713060890714,50025935.083333336
Chicago,2017-05-01,51252658,2017,5,51113222.0,1.0027279829864766,40896269,125.3235545765801,49972739.833333336
Chicago,2017-06-01,51290221,2017,6,50755660.2,1.0105320430843296,40896269,125.415404031111,49876766.25
Chicago,2017-07-01,48685859,2017,7,50134314.8,0.9711084951339557,40896269,119.0471898548985,49713239.25
Chicago,2017-08-01,51723681,2017,8,51053404.2,1.0131289345050176,40896269,126.4753051189095,49702583.416666664
Chicago,2017-09-01,51468135,2017,9,51562059.0,0.9981784280569556,40896269,125.85044127130523,49565256.666666664
Chicago,2017-10-01,53254715,2017,10,54155936.8,0.9833587626167701,40896269,130.219006041847,49471980.25
Chicago,2017-11-01,48490284,2017,11,48094651.8,1.0082261163184054,40896269,118.56896774617753,49300013.666666664
Chicago,2017-12-01,43585306,2017,12,44379024.8,0.982115001319272,40896269,106.57526240352146,49196770.666666664
Chicago,2018-01-01,45591260,2018,1,45894020.6,0.9934030491109336,40896269,111.48024285540572,49114609.666666664
Chicago,2018-02-01,42957190,2018,2,45198820.2,0.9504051169901996,40896269,105.03938635575778,48899773.0
Chicago,2018-03-01,48732566,2018,3,50656980.0,0.9620108818172738,40896269,119.16139831728904,48716429.333333336
Chicago,2018-04-01,47634643,2018,4,49157274.6,0.9690253047511304,40896269,116.47674510356923,48722209.833333336
Chicago,2018-05-01,50273114,2018,5,51113222.0,0.9835637831635814,40896269,122.92836297609446,48640581.166666664
Chicago,2018-06-01,48642704,2018,6,50755660.2,0.958370038106607,40896269,118.9416667813878,48419954.75
Chicago,2018-07-01,48519188,2018,7,50134314.8,0.9677840056966333,40896269,118.639644120103,48406065.5
Chicago,2018-08-01,50273430,2018,8,51053404.2,0.9847223860539353,40896269,122.9291356627178,48285211.25
Chicago,2018-09-01,49421670,2018,9,51562059.0,0.9584890704228859,40896269,120.84640288335349,48114672.5
Chicago,2018-10-01,53917472,2018,10,54155936.8,0.9955967006741909,40896269,131.83958663808673,48169902.25
Chicago,2018-11-01,46710533,2018,11,48094651.8,0.9712209414519558,40896269,114.21710132041629,48021589.666666664
Chicago,2018-12-01,42707770,2018,12,44379024.8,0.9623413356302504,40896269,104.42950186971825,47948461.666666664
Chicago,2019-01-01,40896269,2019,1,45894020.6,0.8911023367606192,40896269,100.0,47557212.416666664
Chicago,2019-02-01,41942342,2019,2,45198820.2,0.9279521415472698,40896269,102.55786903201366,47472641.75
Chicago,2019-03-01,46272427,2019,3,50656980.0,0.9134462220211311,40896269,113.14583978308632,47267630.166666664
Chicago,2019-04-01,46802243,2019,4,49157274.6,0.9520919005546332,40896269,114.44135160593744,47198263.5
Chicago,2019-05-01,49006624,2019,5,51113222.0,0.9587856543263894,40896269,119.83152790783922,47092722.666666664
Chicago,2019-06-01,46936553,2019,6,50755660.2,0.9247550483049376,40896269,114.76976787295683,46950543.416666664
Chicago,2019-07-01,47808843,2019,7,50134314.8,0.9536151673903002,40896269,116.9027008307286,46891348.0
Chicago,2019-08-01,48343054,2019,8,51053404.2,0.9469114696175343,40896269,118.20895935519205,46730483.333333336
Chicago,2019-09-01,48432620,2019,9,51562059.0,0.939307330609121,40896269,118.42796710868662,46648062.5
Chicago,2019-10-01,51518035,2019,10,54155936.8,0.9512906256290631,40896269,125.97245729188646,46448109.416666664
Chicago,2019-11-01,44395185,2019,11,48094651.8,0.9230794555830426,40896269,108.55558730797668,46255163.75
Chicago,2019-12-01,41865765,2019,12,44379024.8,0.9433682959162276,40896269,102.3706221220327,46184996.666666664
Chicago,2020-01-01,44727626,2020,1,45894020.6,0.9745850421307389,40896269,109.3684756426069,46504276.416666664
Chicago,2020-02-01,42794870,2020,2,45198820.2,0.9468138728098925,40896269,104.64247973329792,46575320.416666664
Chicago,2020-03-01,27603754,2020,3,50656980.0,0.5449151133762811,40896269,67.49699832031132,45019597.666666664
Chicago,2020-04-01,9074074,2020,4,49157274.6,0.18459269912412923,40896269,22.188024046887993,41875583.583333336
Chicago,2020-05-01,10182691,2020,5,51113222.0,0.1992183353262293,40896269,24.898826345259025,38640255.833333336
Chicago,2020-06-01,11799943,2020,6,50755660.2,0.23248526279636492,40896269,28.853348455821237,35712205.0
Chicago,2020-07-01,14826027,2020,7,50134314.8,0.2957261320743133,40896269,36.25276183507107,32963637.0
Chicago,2020-08-01,14748330,2020,8,51053404.2,0.2888804425699785,40896269,36.06277628895682,30164076.666666668
Chicago,2020-09-01,15168774,2020,9,51562059.0,0.2941847997187234,40896269,37.0908505125492,27392089.5
Chicago,2020-10-01,15702966,2020,10,54155936.8,0.2899583485738908,40896269,38.39706257800681,24407500.416666668
Chicago,2020-11-01,13000616,2020,11,48094651.8,0.2703131328211425,40896269,31.78924708266175,21791286.333333332
Chicago,2020-12-01,12833384,2020,12,44379024.8,0.28917679146478226,40896269,31.380329584588758,19371921.25
Chicago,2021-01-01,12389041,2021,1,45894020.6,0.26994891356282696,40896269,30.293817267291544,16677039.166666666
Chicago,2021-02-01,11965474,2021,2,45198820.2,0.26472978602215813,40896269,29.258106650266804,14107922.833333334
Chicago,2021-03-01,15628106,2021,3,50656980.0,0.30850844246933,40896269,38.21401409502661,13109952.166666666
Chicago,2021-04-01,15938313,2021,4,49157274.6,0.3242310142230709,40896269,38.97253561198944,13681972.083333334
Chicago,2021-05-01,17170417,2021,5,51113222.0,0.3359290674338628,40896269,41.98528966053113,14264282.583333334
Chicago,2021-06-01,19280465,2021,6,50755660.2,0.37986827329260114,40896269,47.144801888896026,14887659.416666666
Chicago,2021-07-01,21712845,2021,7,50134314.8,0.4330934827097707,40896269,53.09248381557741,15461560.916666666
Chicago,2021-08-01,22179623,2021,8,51053404.2,0.43443964898231013,40896269,54.233854437919504,16080835.333333334
Chicago,2021-09-01,24297660,2021,9,51562059.0,0.47123137576798474,40896269,59.41290145563156,16841575.833333332
Chicago,2021-10-01,24273883,2021,10,54155936.8,0.4482220128449519,40896269,59.35476167764839,17555818.916666668
Chicago,2021-11-01,22155287,2021,11,48094651.8,0.4606600977616393,40896269,54.17434778708052,18318708.166666668
Chicago,2021-12-01,20104850,2021,12,44379024.8,0.4530259529272036,40896269,49.16059702169897,18924663.666666668
Chicago,2022-01-01,16569817,2022,1,45894020.6,0.36104522513767295,40896269,40.51669603405631,19273061.666666668
Chicago,2022-02-01,18815799,2022,2,45198820.2,0.416289604833535,40896269,46.008595551833835,19843922.083333332
Chicago,2022-03-01,24026532,2022,3,50656980.0,0.4742985468142791,40896269,58.74993633282293,20543790.916666668
Chicago,2022-04-01,23256343,2022,4,49157274.6,0.47310074021068693,40896269,56.866661846341046,21153626.75
Chicago,2022-05-01,24798768,2022,5,51113222.0,0.4851732493013256,40896269,60.638216165880564,21789322.666666668
Chicago,2022-06-01,25285492,2022,6,50755660.2,0.4981807329539967,40896269,61.82835896350349,22289741.583333332
Chicago,2022-07-01,24741859,2022,7,50134314.8,0.49351146213331715,40896269,60.49906166256878,22542159.416666668
Chicago,2022-08-01,26497632,2022,8,51053404.2,0.5190179267223085,40896269,64.79229682296935,22901993.5
Chicago,2022-09-01,27621134,2022,9,51562059.0,0.535687180374236,40896269,67.53949608459394,23178949.666666668
Chicago,2022-10-01,27727953,2022,10,54155936.8,0.5120020931851003,40896269,67.80069106059528,23466788.833333332
Chicago,2022-11-01,24802755,2022,11,48094651.8,0.515707133157787,40896269,60.64796522147289,23687411.166666668
Chicago,2022-12-01,22199441,2022,12,44379024.8,0.500223722806996,40896269,54.28231362621367,23861960.416666668
Chicago,2023-01-01,23594716,2023,1,45894020.6,0.5141130738063947,40896269,57.69405517163436,24447368.666666668
Chicago,2023-02-01,22874693,2023,2,45198820.2,0.5060904886185502,40896269,55.93344713181537,24785609.833333332
Chicago,2023-03-01,27152705,2023,3,50656980.0,0.5360111281801639,40896269,66.39408841916607,25046124.25
Chicago,2023-04-01,26047324,2023,4,49157274.6,0.5298773012123011,40896269,63.691198823051565,25278706.0
Chicago,2023-05-01,28885508,2023,5,51113222.0,0.5651279036958382,40896269,70.63115708672592,25619267.666666668
Chicago,2023-06-01,28260107,2023,6,50755660.2,0.5567872999512279,40896269,69.10191978637464,25867152.25
Chicago,2023-07-01,27456784,2023,7,50134314.8,0.5476644910683012,40896269,67.13762568414249,26093396.0
Chicago,2023-08-01,30723408,2023,8,51053404.2,0.6017896060298364,40896269,75.12521007723223,26445544.0
Chicago,2023-09-01,30618188,2023,9,51562059.0,0.5938123611394184,40896269,74.86792499335331,26695298.5
Chicago,2023-10-01,31896957,2023,10,54155936.8,0.588983570126332,40896269,77.99478480543054,27042715.5
Chicago,2023-11-01,28506546,2023,11,48094651.8,0.5927175877796874,40896269,69.70451509892015,27351364.75
Chicago,2023-12-01,26183317,2023,12,44379024.8,0.5899930680766109,40896269,64.02373037990337,27683354.416666668
Chicago,2024-01-01,25728056,2024,1,45894020.6,0.5605971249335256,40896269,62.91052125072828,27861132.75
Chicago,2024-02-01,28047513,2024,2,45198820.2,0.6205363962132798,40896269,68.58208263448189,28292201.083333332
Chicago,2024-03-01,29466522,2024,3,50656980.0,0.5816873015327799,40896269,72.05185881381992,28485019.166666668
Chicago,2024-04-01,31031246,2024,4,49157274.6,0.6312645738093868,40896269,75.87793888973098,28900346.0
Chicago,2024-05-01,32901977,2024,5,51113222.0,0.6437077474787248,40896269,80.45227059710508,29235051.75
Chicago,2024-06-01,30652505,2024,6,50755660.2,0.6039228901607312,40896269,74.95183729351936,29434418.25
Chicago,2024-07-01,31942499,2024,7,50134314.8,0.6371384375637263,40896269,78.1061445972003,29808227.833333332
Chicago,2024-08-01,32460326,2024,8,51053404.2,0.6358111963080416,40896269,79.37234078737109,29952971.0
Chicago,2024-09-01,33040417,2024,9,51562059.0,0.6407893253448238,40896269,80.79078558486594,30154823.416666668
Chicago,2024-10-01,35877245,2024,10,54155936.8,0.6624803690959327,40896269,87.72742814265038,30486514.083333332
Chicago,2024-11-01,29723971,2024,11,48094651.8,0.6180306933836665,40896269,72.68137589763995,30587966.166666668
Chicago,2024-12-01,27119826,2024,12,44379024.8,0.6110955822535334,40896269,66.31369233217828,30666008.583333332
Chicago,2025-01-01,27268675,2025,1,45894020.6,0.5941661820755796,40896269,66.67765951950287,30794393.5
Chicago,2025-02-01,26686327,2025,2,45198820.2,0.5904208756316166,40896269,65.25369588115728,30680961.333333332
Chicago,2025-03-01,31172549,2025,3,50656980.0,0.6153653257655707,40896269,76.22345451610757,30823130.25
Chicago,2025-04-01,32908175,2025,4,49157274.6,0.6694466946709043,40896269,80.46742601384982,30979541.0
Chicago,2025-05-01,33363168,2025,5,51113222.0,0.6527306770056484,40896269,81.5799798265216,31017973.583333332
Chicago,2025-06-01,32232477,2025,6,50755660.2,0.6350518715152088,40896269,78.81520194421647,31149637.916666668
Chicago,2025-07-01,33586506,2025,7,50134314.8,0.6699304884087097,40896269,82.12608832360722,31286638.5
Chicago,2025-08-01,34858052,2025,8,51053404.2,0.6827762525579049,40896269,85.23528637783559,31486449.0
Chicago,2025-09-01,35154580,2025,9,51562059.0,0.6817916251172204,40896269,85.96035985580983,31662629.25
Chicago,2025-10-01,36359193,2025,10,54155936.8,0.6713796334883085,40896269,88.9058926133335,31702791.583333332
Chicago,2025-11-01,29604382,2025,11,48094651.8,0.615544159111679,40896269,72.38895557929746,31692825.833333332
Chicago,2025-12-01,27516413,2025,12,44379024.8,0.6200319435590662,40896269,67.28343116092081,31725874.75
NYC,2002-01-01,310130292,2002,1,327573919.2,0.9467490353242994,324801572,95.48300215739104,
NYC,2002-02-01,293586455,2002,2,318825966.0,0.9208360871084132,324801572,90.38948093514769,
NYC,2002-03-01,322942307,2002,3,368592066.2,0.8761509989332483,324801572,99.4275689650911,308886351.3333333
NYC,2002-04-01,318408499,2002,4,359502738.4,0.8856914426218457,324801572,98.03169887367417,311266888.25
NYC,2002-05-01,326371418,2002,5,374027500.8,0.87258668761503,324801572,100.48332463119975,314287794.2
NYC,2002-06-01,298041224,2002,6,364981595.8,0.8165924732361532,324801572,91.76101647685375,311580032.5
NYC,2002-07-01,306460013,2002,7,350211192.8,0.875072011690427,324801572,94.3529956191222,310848601.14285713
NYC,2002-08-01,296185978,2002,8,347835947.2,0.8515105479586844,324801572,91.18982281280338,309015773.25
NYC,2002-09-01,319588402,2002,9,357554622.8,0.8938170047902398,324801572,98.39496774356745,310190509.7777778
NYC,2002-10-01,328896106,2002,10,387564828.0,0.8486221716693033,324801572,101.26062628785553,312061069.4
NYC,2002-11-01,308821356,2002,11,354933696.2,0.8700818189603042,324801572,95.08000657090416,311766550.0
NYC,2002-12-01,307198301,2002,12,347595637.4,0.883780657599243,324801572,94.58029993771089,311385862.5833333
NYC,2003-01-01,301834203,2003,1,327573919.2,0.9214231820931854,324801572,92.92879992588213,310694521.8333333
NYC,2003-02-01,284709463,2003,2,318825966.0,0.8929933360572018,324801572,87.65643012343548,309954772.5
NYC,2003-03-01,328236438,2003,3,368592066.2,0.8905141160089355,324801572,101.057527517139,310395950.0833333
NYC,2003-04-01,308834606,2003,4,359502738.4,0.8590605105666145,324801572,95.08408598465773,309598125.6666667
NYC,2003-05-01,310161169,2003,5,374027500.8,0.8292469626875094,324801572,95.49250857689813,308247271.5833333
NYC,2003-06-01,290060409,2003,6,364981595.8,0.7947261241055705,324801572,89.30388089377843,307582203.6666667
NYC,2003-07-01,300946635,2003,7,350211192.8,0.8593290025766418,324801572,92.65553523860407,307122755.5
NYC,2003-08-01,278301390,2003,8,347835947.2,0.8000938150305128,324801572,85.68351079286033,305632373.1666667
NYC,2003-09-01,301242593,2003,9,357554622.8,0.8425078961110274,324801572,92.74665487148566,304103555.75
NYC,2003-10-01,342487950,2003,10,387564828.0,0.8836920310013271,324801572,105.44528706899239,305236209.4166667
NYC,2003-11-01,295112585,2003,11,354933696.2,0.8314583488678076,324801572,90.8593462718832,304093811.8333333
NYC,2003-12-01,315738806,2003,12,347595637.4,0.9083508882957,324801572,97.2097530365401,304805520.5833333
NYC,2004-01-01,294489711,2004,1,327573919.2,0.8990023128801031,324801572,90.66757564830998,304193479.5833333
NYC,2004-02-01,296968024,2004,2,318825966.0,0.9314424032827991,324801572,91.43059935682824,305215026.3333333
NYC,2004-03-01,342955553,2004,3,368592066.2,0.9304474633317542,324801572,105.58925281309908,306441619.25
NYC,2004-04-01,318216047,2004,4,359502738.4,0.8851561142934538,324801572,97.97244669739467,307223406.0
NYC,2004-05-01,325656234,2004,5,374027500.8,0.8706745715313989,324801572,100.26313357867616,308514661.4166667
NYC,2004-06-01,315551268,2004,6,364981595.8,0.8645676155487947,324801572,97.15201378397269,310638899.6666667
NYC,2004-07-01,306453031,2004,7,350211192.8,0.8750520751488671,324801572,94.35084599898427,311097766.0
NYC,2004-08-01,304803139,2004,8,347835947.2,0.876284183545708,324801572,93.84287678262838,313306245.0833333
NYC,2004-09-01,308074276,2004,9,357554622.8,0.8616145795780213,324801572,94.84999536886478,313875552.0
NYC,2004-10-01,333298804,2004,10,387564828.0,0.8599820724702087,324801572,102.61613019533047,313109789.8333333
NYC,2004-11-01,317237438,2004,11,354933696.2,0.8937935208643625,324801572,97.67115228124574,314953527.5833333
NYC,2004-12-01,338872861,2004,12,347595637.4,0.9749053916060456,324801572,104.33227244355825,316881365.5
NYC,2005-01-01,304654669,2005,1,327573919.2,0.9300333486378485,324801572,93.7971657969685,317728445.3333333
NYC,2005-02-01,289219613,2005,2,318825966.0,0.9071394548836715,324801572,89.04501638311037,317082744.4166667
NYC,2005-03-01,349276554,2005,3,368592066.2,0.9475965058088925,324801572,107.5353643916477,317609494.5
NYC,2005-04-01,320101234,2005,4,359502738.4,0.8903999881186997,324801572,98.552858605007,317766593.4166667
NYC,2005-05-01,344208050,2005,5,374027500.8,0.9202747104525207,324801572,105.97487194427741,319312578.0833333
NYC,2005-06-01,325098669,2005,6,364981595.8,0.8907261975426981,324801572,100.09147030852425,320108194.8333333
NYC,2005-07-01,322574493,2005,7,350211192.8,0.9210856181407575,324801572,99.31432628657352,321451650.0
NYC,2005-08-01,321333845,2005,8,347835947.2,0.9238086160635901,324801572,98.93235522887186,322829208.8333333
NYC,2005-09-01,328786012,2005,9,357554622.8,0.9195406548663423,324801572,101.22673051594712,324555186.8333333
NYC,2005-10-01,350387007,2005,10,387564828.0,0.9040732844828737,324801572,107.87725097586657,325979203.75
NYC,2005-11-01,335704496,2005,11,354933696.2,0.9458231201887222,324801572,103.356795329796,327518125.25
NYC,2005-12-01,303923100,2005,12,347595637.4,0.8743582119537845,324801572,93.57193012600321,324605645.1666667
NYC,2006-01-01,321783100,2006,1,327573919.2,0.9823220993474013,324801572,99.07067198554076,326033014.4166667
NYC,2006-02-01,287078803,2006,2,318825966.0,0.9004247884878988,324801572,88.38590319384292,325854613.5833333
NYC,2006-03-01,353330345,2006,3,368592066.2,0.958594547741245,324801572,108.78344671312121,326192429.5
NYC,2006-04-01,307980884,2006,4,359502738.4,0.8566857803940445,324801572,94.82124181344787,325182400.3333333
NYC,2006-05-01,337070947,2006,5,374027500.8,0.9011929504623206,324801572,103.77749865077624,324587641.75
NYC,2006-06-01,350885343,2006,6,364981595.8,0.9613781819077684,324801572,108.03067880471957,326736531.25
NYC,2006-07-01,310889919,2006,7,350211192.8,0.8877212533225466,324801572,95.71687633334484,325762816.75
NYC,2006-08-01,324204025,2006,8,347835947.2,0.9320601496474658,324801572,99.81602706036165,326001998.4166667
NYC,2006-09-01,342232568,2006,9,357554622.8,0.9571476529096073,324801572,105.36665998648553,327122544.75
NYC,2006-10-01,350601499,2006,10,387564828.0,0.9046267196361791,324801572,107.94328883358976,327140419.0833333
NYC,2006-11-01,329701227,2006,11,354933696.2,0.9289093442799473,324801572,101.50850716941726,326640146.6666667
NYC,2006-12-01,332486765,2006,12,347595637.4,0.9565331932442718,324801572,102.36611939796892,329020452.0833333
NYC,2007-01-01,323170381,2007,1,327573919.2,0.9865571159915469,324801572,99.4977884528219,329136058.8333333
NYC,2007-02-01,304387381,2007,2,318825966.0,0.9547132713776518,324801572,93.7148730918088,330578440.3333333
NYC,2007-03-01,351546807,2007,3,368592066.2,0.9537557620929606,324801572,108.2343305284249,330429812.1666667
NYC,2007-04-01,329866004,2007,4,359502738.4,0.9175618674508546,324801572,101.55923875885675,332253572.1666667
NYC,2007-05-01,359329238,2007,5,374027500.8,0.960702721675379,324801572,110.63038758938026,334108429.75
NYC,2007-06-01,334520318,2007,6,364981595.8,0.9165402361364764,324801572,102.99221027169168,332744677.6666667
NYC,2007-07-01,328146029,2007,7,350211192.8,0.9369946927635717,324801572,101.02969236860713,334182686.8333333
NYC,2007-08-01,335784452,2007,8,347835947.2,0.9653529334819712,324801572,103.38141220572663,335147722.4166667
NYC,2007-09-01,338916625,2007,9,357554622.8,0.9478737048508942,324801572,104.34574651627611,334871393.8333333
NYC,2007-10-01,373676412,2007,10,387564828.0,0.9641649215908725,324801572,115.04759958489363,336794303.25
NYC,2007-11-01,345701704,2007,11,354933696.2,0.9739895301605912,324801572,106.43473856093281,338127676.3333333
NYC,2007-12-01,322698690,2007,12,347595637.4,0.9283738208389839,324801572,99.35256409411714,337312003.4166667
NYC,2008-01-01,326221974,2008,1,327573919.2,0.995872854581031,324801572,100.43731377014396,337566302.8333333
NYC,2008-02-01,325282059,2008,2,318825966.0,1.0202495834357481,324801572,100.14793247367658,339307526.0
NYC,2008-03-01,344481859,2008,3,368592066.2,0.9345883717776018,324801572,106.05917233676443,338718780.3333333
NYC,2008-04-01,355888036,2008,4,359502738.4,0.9899452715823875,324801572,109.57090934276637,340887283.0
NYC,2008-05-01,360062958,2008,5,374027500.8,0.9626643956122705,324801572,110.85628551083491,340948426.3333333
NYC,2008-06-01,344570558,2008,6,364981595.8,0.944076528693834,324801572,106.08648101001185,341785946.3333333
NYC,2008-07-01,353232776,2008,7,350211192.8,1.008627888720066,324801572,108.753407141761,343876508.5833333
NYC,2008-08-01,339721096,2008,8,347835947.2,0.9766704641503482,324801572,104.59342727565371,344204562.25
NYC,2008-09-01,343066742,2008,9,357554622.8,0.9594806502946436,324801572,105.62348571391766,344550405.3333333
NYC,2008-10-01,369899825,2008,10,387564828.0,0.9544205208425157,324801572,113.88486290946894,344235689.75
NYC,2008-11-01,332945147,2008,11,354933696.2,0.9380488540946821,324801572,102.50724617798339,343172643.3333333
NYC,2008-12-01,352269108,2008,12,347595637.4,1.0134451359486483,324801572,108.45671276492467,345636844.8333333
NYC,2009-01-01,317241201,2009,1,327573919.2,0.9684568349481714,324801572,97.67231083475176,344888447.0833333
NYC,2009-02-01,306757425,2009,2,318825966.0,0.9621469319095547,324801572,94.44456290993567,343344727.5833333
NYC,2009-03-01,348308380,2009,3,368592066.2,0.9449698242039916,324801572,107.23728270625487,343663604.3333333
NYC,2009-04-01,344300313,2009,4,359502738.4,0.9577126297628225,324801572,106.00327790285449,342697960.75
NYC,2009-05-01,342003274,2009,5,374027500.8,0.9143800209035324,324801572,105.29606488480911,341192987.0833333
NYC,2009-06-01,341914686,2009,6,364981595.8,0.936799800139402,324801572,105.26879038627312,340971664.4166667
NYC,2009-07-01,334382410,2009,7,350211192.8,0.9548021790124807,324801572,102.94975111758389,339400800.5833333
NYC,2009-08-01,327495131,2009,8,347835947.2,0.9415218111763924,324801572,100.82929370797504,338381970.1666667
NYC,2009-09-01,339915258,2009,9,357554622.8,0.9506666571337642,324801572,104.65320592721761,338119346.5
NYC,2009-10-01,360063899,2009,10,387564828.0,0.9290417318260882,324801572,110.85657522618149,337299686.0
NYC,2009-11-01,314223630,2009,11,354933696.2,0.8853023349548067,324801572,96.74326022042776,335739559.5833333
NYC,2009-12-01,335376801,2009,12,347595637.4,0.9648475553623275,324801572,103.25590450036368,334331867.3333333
NYC,2010-01-01,321719858,2010,1,327573919.2,0.9821290375793752,324801572,99.05120102066502,334705088.75
NYC,2010-02-01,288762483,2010,2,318825966.0,0.9057056632583056,324801572,88.90427506921056,333205510.25
NYC,2010-03-01,357980565,2010,3,368592066.2,0.9712107172859165,324801572,110.21515776407634,334011525.6666667
NYC,2010-04-01,354656287,2010,4,359502738.4,0.9865190139536362,324801572,109.1916781117057,334874523.5
NYC,2010-05-01,355679788,2010,5,374027500.8,0.9509455514347035,324801572,109.50679388953203,336014233.0
NYC,2010-06-01,346183061,2010,6,364981595.8,0.9484945679006207,324801572,106.58293889045586,336369930.9166667
NYC,2010-07-01,335281612,2010,7,350211192.8,0.9573697782739741,324801572,103.22659768407772,336444864.4166667
NYC,2010-08-01,341100802,2010,8,347835947.2,0.9806370064560136,324801572,105.01821154978892,337578670.3333333
NYC,2010-09-01,345629016,2010,9,357554622.8,0.966646755377931,324801572,106.41235935890114,338054816.8333333
NYC,2010-10-01,357676131,2010,10,387564828.0,0.922880780605819,324801572,110.1214285379136,337855836.1666667
NYC,2010-11-01,337078242,2010,11,354933696.2,0.9496935501160795,324801572,103.77974463744282,339760387.1666667
NYC,2010-12-01,342219935,2010,12,347595637.4,0.9845346091216507,324801572,105.36277053486675,340330648.3333333
NYC,2011-01-01,314189065,2011,1,327573919.2,0.959139438717562,324801572,96.73261833843587,339703082.25
NYC,2011-02-01,308140976,2011,2,318825966.0,0.9664864498520801,324801572,94.87053098376013,341317956.6666667
NYC,2011-03-01,364453312,2011,3,368592066.2,0.9887714506645016,324801572,112.20798894409292,341857352.25
NYC,2011-04-01,335096687,2011,4,359502738.4,0.9321116397927277,324801572,103.16966292269055,340227385.5833333
NYC,2011-05-01,365140850,2011,5,374027500.8,0.9762406486662276,324801572,112.41966833830472,341015807.4166667
NYC,2011-06-01,350723728,2011,6,364981595.8,0.9609353787586239,324801572,107.98092073273587,341394196.3333333
NYC,2011-07-01,336896880,2011,7,350211192.8,0.9619820466229256,324801572,103.72390685350501,341528802.0
NYC,2011-08-01,317527183,2011,8,347835947.2,0.9128647730518406,324801572,97.76035905392723,339564333.75
NYC,2011-09-01,351666823,2011,9,357554622.8,0.983533145917978,324801572,108.2712810885041,340067484.3333333
NYC,2011-10-01,370457255,2011,10,387564828.0,0.9558588092519066,324801572,114.0564846157826,341132578.0
NYC,2011-11-01,350604828,2011,11,354933696.2,0.9878037271570836,324801572,107.94431376705282,342259793.5
NYC,2011-12-01,349556679,2011,12,347595637.4,1.0056417324874056,324801572,107.62160935600397,342871188.8333333
NYC,2012-01-01,336769440,2012,1,327573919.2,1.0280715901389748,324801572,103.68467059020267,344752886.75
NYC,2012-02-01,342469176,2012,2,318825966.0,1.0741571030008266,324801572,105.43950692455392,347613570.0833333
NYC,2012-03-01,364378329,2012,3,368592066.2,0.9885680198072587,324801572,112.18490315681106,347607321.5
NYC,2012-04-01,342727012,2012,4,359502738.4,0.9533363042666604,324801572,105.51888954527597,348243181.9166667
NYC,2012-05-01,363091122,2012,5,374027500.8,0.9707604954806575,324801572,111.78859750099978,348072371.25
NYC,2012-06-01,344525494,2012,6,364981595.8,0.9439530594545118,324801572,106.07260669292573,347555851.75
NYC,2012-07-01,347430085,2012,7,350211192.8,0.9920587695162894,324801572,106.96687299284378,348433618.8333333
NYC,2012-08-01,355803641,2012,8,347835947.2,1.0229064703177981,324801572,109.5449257862582,351623323.6666667
NYC,2012-09-01,348510582,2012,9,357554622.8,0.9747058484961644,324801572,107.29953671529644,351360303.5833333
NYC,2012-10-01,347527817,2012,10,387564828.0,0.8966959638556262,324801572,106.99696274869015,349449517.0833333
NYC,2012-11-01,338452667,2012,11,354933696.2,0.9535658930767926,324801572,104.20290299580199,348436837.0
NYC,2012-12-01,346441844,2012,12,347595637.4,0.9966806447611647,324801572,106.66261307380618,348177267.4166667
NYC,2013-01-01,348370441,2013,1,327573919.2,1.0634865005455538,324801572,107.25639006451605,349144017.5
NYC,2013-02-01,317442170,2013,2,318825966.0,0.9956597136131629,324801572,97.73418522740401,347058433.6666667
NYC,2013-03-01,357843825,2013,3,368592066.2,0.9708397380583663,324801572,110.17305821413943,346513891.6666667
NYC,2013-04-01,362732510,2013,4,359502738.4,1.0089839972134131,324801572,111.67818793684903,348181016.5
NYC,2013-05-01,369366599,2013,5,374027500.8,0.9875386120271079,324801572,113.720693137532,348703972.9166667
NYC,2013-06-01,356453728,2013,6,364981595.8,0.9766348004991653,324801572,109.74507475598054,349697992.4166667
NYC,2013-07-01,353625660,2013,7,350211192.8,1.009749737501822,324801572,108.87436837898063,350214290.3333333
NYC,2013-08-01,354466200,2013,8,347835947.2,1.0190614364425874,324801572,109.13315407229618,350102836.9166667
NYC,2013-09-01,362618709,2013,9,357554622.8,1.014163112087164,324801572,111.64315085273049,351278514.1666667
NYC,2013-10-01,395577014,2013,10,387564828.0,1.0206731504541997,324801572,121.79036313284838,355282613.9166667
NYC,2013-11-01,352105667,2013,11,354933696.2,0.9920322324133282,324801572,108.40639250354367,356420363.9166667
NYC,2013-12-01,351221630,2013,12,347595637.4,1.0104316401296698,324801572,108.13421494154592,356818679.4166667
NYC,2014-01-01,331394581,2014,1,327573919.2,1.0116635103592215,324801572,102.02985747864545,355404024.4166667
NYC,2014-02-01,324116919,2014,2,318825966.0,1.0165951132098192,324801572,99.78920884040548,355960253.5
NYC,2014-03-01,379978259,2014,3,368592066.2,1.030891041463225,324801572,116.98781402449616,357804789.6666667
NYC,2014-04-01,374259374,2014,4,359502738.4,1.0410473524226151,324801572,115.22708209060022,358765361.6666667
NYC,2014-05-01,389003219,2014,5,374027500.8,1.0400390831368516,324801572,119.76642126596604,360401746.6666667
NYC,2014-06-01,368248066,2014,6,364981595.8,1.0089496846898274,324801572,113.37631888062414,361384608.1666667
NYC,2014-07-01,364930350,2014,7,350211192.8,1.0420293739966382,324801572,112.35485953867243,362326665.6666667
NYC,2014-08-01,363702492,2014,8,347835947.2,1.0456150231961994,324801572,111.97682626979403,363096356.6666667
NYC,2014-09-01,379069418,2014,9,357554622.8,1.0601720515638093,324801572,116.7079997999517,364467249.0833333
NYC,2014-10-01,397969046,2014,10,387564828.0,1.026845103704818,324801572,122.5268226226442,364666585.0833333
NYC,2014-11-01,345723527,2014,11,354933696.2,0.9740510148836075,324801572,106.44145743235505,364134740.0833333
NYC,2014-12-01,364119386,2014,12,347595637.4,1.0475372726873011,324801572,112.10517971261542,365209553.0833333
NYC,2015-01-01,320336485,2015,1,327573919.2,0.9779059510669371,324801572,98.62528774953097,364288045.0833333
NYC,2015-02-01,307108527,2015,2,318825966.0,0.9632481659288692,324801572,94.55266029315894,362870679.0833333
NYC,2015-03-01,371333237,2015,3,368592066.2,1.0074368686994815,324801572,114.32618220209845,362150260.5833333
NYC,2015-04-01,365871941,2015,4,359502738.4,1.0177167012088608,324801572,112.6447568424946,361451307.8333333
NYC,2015-05-01,361018084,2015,5,374027500.8,0.965218020674484,324801572,111.15034997429139,359119213.25
NYC,2015-06-01,369622990,2015,6,364981595.8,1.012716789705044,324801572,113.79963087124467,359233790.25
NYC,2015-07-01,372888221,2015,7,350211192.8,1.0647524370043493,324801572,114.80493111652797,359896946.1666667
NYC,2015-08-01,331598696,2015,8,347835947.2,0.9533192261159142,324801572,102.09270046266894,357221629.8333333
NYC,2015-09-01,359265739,2015,9,357554622.8,1.0047856078229398,324801572,110.61083749927172,355571323.25
NYC,2015-10-01,392284949,2015,10,387564828.0,1.012178919909626,324801572,120.77680122804331,355097648.5
NYC,2015-11-01,353613161,2015,11,354933696.2,0.9962794876504036,324801572,108.8705201833198,355755118.0
NYC,2015-12-01,359804445,2015,12,347595637.4,1.035123592722053,324801572,110.77669445516108,355395539.5833333
NYC,2016-01-01,325404448,2016,1,327573919.2,0.9933771552836127,324801572,100.185613633668,355817869.8333333
NYC,2016-02-01,336855609,2016,2,318825966.0,1.0565501085943545,324801572,103.71120032633338,358296793.3333333
NYC,2016-03-01,379218984,2016,3,368592066.2,1.0288311083566128,324801572,116.75404822240208,358953938.9166667
NYC,2016-04-01,358174518,2016,4,359502738.4,0.9963053955975096,324801572,110.27487206866104,358312487.0
NYC,2016-05-01,379103302,2016,5,374027500.8,1.0135706630906642,324801572,116.71843201547067,359819588.5
NYC,2016-06-01,374618834,2016,6,364981595.8,1.0264047237200447,324801572,115.33775273723121,360235908.8333333
NYC,2016-07-01,339113728,2016,7,350211192.8,0.9683120784596465,324801572,104.40643064375317,357421367.75
NYC,2016-08-01,357925411,2016,8,347835947.2,1.0290063861461642,324801572,110.19817693493184,359615260.6666667
NYC,2016-09-01,365461979,2016,9,357554622.8,1.0221150998918087,324801572,112.51853762579695,360131614.0
NYC,2016-10-01,366441803,2016,10,387564828.0,0.9454980858066925,324801572,112.82020611649011,357978018.5
NYC,2016-11-01,356956233,2016,11,354933696.2,1.005698351048812,324801572,109.8997861377346,358256607.8333333
NYC,2016-12-01,350627508,2016,12,347595637.4,1.0087224069400822,324801572,107.95129649187783,357491863.0833333
NYC,2017-01-01,335255168,2017,1,327573919.2,1.0234489022165107,324801572,103.21845609786642,358312756.4166667
NYC,2017-02-01,320330902,2017,2,318825966.0,1.0047202428926383,324801572,98.62356885390936,356935697.5
NYC,2017-03-01,374998053,2017,3,368592066.2,1.0173796111946807,324801572,115.4545067903797,356583953.25
NYC,2017-04-01,354967157,2017,4,359502738.4,0.9873837361568204,324801572,109.28738885537169,356316673.1666667
NYC,2017-05-01,380189304,2017,5,374027500.8,1.0164741982523227,324801572,117.05279061888285,356407173.3333333
NYC,2017-06-01,365431907,2017,6,364981595.8,1.0012337915258793,324801572,112.5092790499179,355641596.0833333
NYC,2017-07-01,336016972,2017,7,350211192.8,0.9594695398324802,324801572,103.45300052919694,355383533.0833333
NYC,2017-08-01,345143407,2017,8,347835947.2,0.9922591663637002,324801572,106.26284992241355,354318366.0833333
NYC,2017-09-01,355792798,2017,9,357554622.8,0.9950725716082113,324801572,109.5415874403465,353512601.0
NYC,2017-10-01,392026633,2017,10,387564828.0,1.011512409480047,324801572,120.69727082478529,355644670.1666667
NYC,2017-11-01,355160411,2017,11,354933696.2,1.0006387525400582,324801572,109.34688795163837,355495018.3333333
NYC,2017-12-01,336255354,2017,12,347595637.4,0.9673750698230139,324801572,103.5263936468879,354297338.8333333
NYC,2018-01-01,332071923,2018,1,327573919.2,1.0137312634991975,324801572,102.23839772548884,354032068.4166667
NYC,2018-02-01,321671050,2018,2,318825966.0,1.0089236270047088,324801572,99.03617399979825,354143747.4166667
NYC,2018-03-01,358477452,2018,3,368592066.2,0.9725587848260636,324801572,110.36813947439884,352767030.6666667
NYC,2018-04-01,350125610,2018,4,359502738.4,0.9739163922874865,324801572,107.79677199345574,352363568.4166667
NYC,2018-05-01,371869773,2018,5,374027500.8,0.9942310985278224,324801572,114.49137105777308,351670274.1666667
NYC,2018-06-01,359296918,2018,6,364981595.8,0.9844247549317116,324801572,110.62043689862438,351159025.0833333
NYC,2018-07-01,341633659,2018,7,350211192.8,0.975507539518023,324801572,105.18226771390134,351627082.3333333
NYC,2018-08-01,344387310,2018,8,347835947.2,0.9900854491096716,324801572,106.03006256385976,351564074.25
NYC,2018-09-01,342691252,2018,9,357554622.8,0.9584304890715567,324801572,105.50787974634557,350472278.75
NYC,2018-10-01,393073268,2018,10,387564828.0,1.0142129512330258,324801572,121.01950910508523,350559498.3333333
NYC,2018-11-01,347521267,2018,11,354933696.2,0.9791160172185421,324801572,106.9949461328346,349922903.0
NYC,2018-12-01,332605946,2018,12,347595637.4,0.9568760657868948,324801572,102.40281287801156,349618785.6666667
NYC,2019-01-01,324801572,2019,1,327573919.2,0.991536727933742,324801572,100.0,349012923.0833333
NYC,2019-02-01,308163742,2019,2,318825966.0,0.9665578555794292,324801572,94.8775401862895,347887314.0833333
NYC,2019-03-01,358932605,2019,3,368592066.2,0.9737936269231614,324801572,110.50827210897857,347925243.5
NYC,2019-04-01,368374466,2019,4,359502738.4,1.0246777747493232,324801572,113.41523494843184,349445981.5
NYC,2019-05-01,377957041,2019,5,374027500.8,1.0105060194547064,324801572,116.3655208540678,349953253.8333333
NYC,2019-06-01,355937330,2019,6,364981595.8,0.9752199401173203,324801572,109.5860859934508,349673288.1666667
NYC,2019-07-01,361403384,2019,7,350211192.8,1.0319584051855009,324801572,111.26897624744254,351320765.25
NYC,2019-08-01,360124912,2019,8,347835947.2,1.03532977226455,324801572,110.87535992590578,352632232.0833333
NYC,2019-09-01,364561346,2019,9,357554622.8,1.0195962316054832,324801572,112.24125048261773,354454739.9166667
NYC,2019-10-01,393997487,2019,10,387564828.0,1.0165976335706088,324801572,121.3040579126261,354531758.1666667
NYC,2019-11-01,361417409,2019,11,354933696.2,1.018267391542184,324801572,111.27329426841568,355689770.0
NYC,2019-12-01,358684934,2019,12,347595637.4,1.0319028647279564,324801572,110.43201909133617,357863019.0
NYC,2020-01-01,359821941,2020,1,327573919.2,1.0984450223593991,324801572,110.78208112859748,360781383.0833333
NYC,2020-02-01,347948657,2020,2,318825966.0,1.091343535676765,324801572,107.12653108710938,364096792.6666667
NYC,2020-03-01,197229374,2020,3,368592066.2,0.5350884950762405,324801572,60.72303553998809,350621523.4166667
NYC,2020-04-01,44859977,2020,4,359502738.4,0.12478340832577091,324801572,13.811502427088007,323661982.6666667
NYC,2020-05-01,59360366,2020,5,374027500.8,0.1587058862597945,324801572,18.275886300205467,297112259.75
NYC,2020-06-01,89272178,2020,6,364981595.8,0.24459364260360877,324801572,27.4851434524461,274890163.75
NYC,2020-07-01,122598946,2020,7,350211192.8,0.3500714669334235,324801572,37.745798225385435,254989793.91666666
NYC,2020-08-01,132133277,2020,8,347835947.2,0.37987240267615446,324801572,40.6812307546344,235990491.0
NYC,2020-09-01,138768888,2020,9,357554622.8,0.38810542264369235,324801572,42.72420454910852,217174452.83333334
NYC,2020-10-01,148381509,2020,10,387564828.0,0.3828559721626752,324801572,45.68374102573617,196706454.66666666
NYC,2020-11-01,128626513,2020,11,354933696.2,0.3623958907736977,324801572,39.601567260887514,177307213.33333334
NYC,2020-12-01,129449046,2020,12,347595637.4,0.37241274651279616,324801572,39.854808953941884,158204222.66666666
NYC,2021-01-01,123738187,2021,1,327573919.2,0.37774126616121645,324801572,38.09654806719963,138530576.5
NYC,2021-02-01,113013360,2021,2,318825966.0,0.35446723934649665,324801572,34.79458529221651,118952635.08333333
NYC,2021-03-01,148786492,2021,3,368592066.2,0.40366167816338094,324801572,45.808427306503305,114915728.25
NYC,2021-04-01,150213027,2021,4,359502738.4,0.4178355571602511,324801572,46.24762930642466,123695149.08333333
NYC,2021-05-01,166924605,2021,5,374027500.8,0.4462896568914539,324801572,51.39279467526715,132658835.66666667
NYC,2021-06-01,190793640,2021,6,364981595.8,0.5227486596462516,324801572,58.74159993289688,141118957.5
NYC,2021-07-01,192283217,2021,7,350211192.8,0.549049319248371,324801572,59.20021132163732,146925980.08333334
NYC,2021-08-01,186872894,2021,8,347835947.2,0.5372443403399912,324801572,57.53447954371354,151487614.83333334
NYC,2021-09-01,200178308,2021,9,357554622.8,0.5598537824302463,324801572,61.63095417530799,156605066.5
NYC,2021-10-01,228172736,2021,10,387564828.0,0.5887343729756612,324801572,70.24988659845526,163254335.41666666
NYC,2021-11-01,213222068,2021,11,354933696.2,0.6007377442119569,324801572,65.64687069925881,170303965.0
NYC,2021-12-01,208809807,2021,12,347595637.4,0.6007262017495045,324801572,64.28842253263478,176917361.75
NYC,2022-01-01,173908341,2022,1,327573919.2,0.5308980074626161,324801572,53.542949293361175,181098207.91666666
NYC,2022-02-01,195239620,2022,2,318825966.0,0.612370511879826,324801572,60.110429514793104,187950396.25
NYC,2022-03-01,234476899,2022,3,368592066.2,0.6361420130860104,324801572,72.19081408879387,195091263.5
NYC,2022-04-01,233537236,2022,4,359502738.4,0.649611841732775,324801572,71.9015103781579,202034947.58333334
NYC,2022-05-01,239492836,2022,5,374027500.8,0.640308093623473,324801572,73.73512219331253,208082300.16666666
NYC,2022-06-01,247118922,2022,6,364981595.8,0.6770722821197112,324801572,76.0830437113771,212776073.66666666
NYC,2022-07-01,229051643,2022,7,350211192.8,0.6540386135825411,324801572,70.52048473459975,215840109.16666666
NYC,2022-08-01,238663731,2022,8,347835947.2,0.6861387758257551,324801572,73.4798571110364,220156012.25
NYC,2022-09-01,256950259,2022,9,357554622.8,0.7186321826517859,324801572,79.10991853204455,224887008.16666666
NYC,2022-10-01,265592539,2022,10,387564828.0,0.6852854537151137,324801572,81.77070614670548,228005325.08333334
NYC,2022-11-01,258626361,2022,11,354933696.2,0.7286610535119996,324801572,79.62595729062542,231789016.16666666
NYC,2022-12-01,249701789,2022,12,347595637.4,0.718368593080622,324801572,76.87825753503435,235196681.33333334
NYC,2023-01-01,246325226,2023,1,327573919.2,0.7519683697700192,324801572,75.83868036205195,241231421.75
NYC,2023-02-01,238964173,2023,2,318825966.0,0.7495128956968329,324801572,73.57235727910825,244875134.5
NYC,2023-03-01,283549969,2023,3,368592066.2,0.7692785466688377,324801572,87.29944478224385,248964557.0
NYC,2023-04-01,260264269,2023,4,359502738.4,0.7239562907318317,324801572,80.13023686966638,251191809.75
NYC,2023-05-01,295955516,2023,5,374027500.8,0.7912667260214465,324801572,91.11886810695609,255897033.08333334
NYC,2023-06-01,274625867,2023,6,364981595.8,0.7524375753743142,324801572,84.55188973038591,258189278.5
NYC,2023-07-01,254373283,2023,7,350211192.8,0.7263425276794865,324801572,78.31651843113616,260299415.16666666
NYC,2023-08-01,273114252,2023,8,347835947.2,0.7851812160258519,324801572,84.08649327596235,263170291.91666666
NYC,2023-09-01,286907684,2023,9,357554622.8,0.802416374184269,324801572,88.33321902764682,265666744.0
NYC,2023-10-01,296063827,2023,10,387564828.0,0.7639078822704727,324801572,91.15221492831938,268206018.0
NYC,2023-11-01,283241071,2023,11,354933696.2,0.7980112173976228,324801572,87.20434117849652,270257243.8333333
NYC,2023-12-01,276034333,2023,12,347595637.4,0.7941248488177948,324801572,84.98552864146852,272451622.5
NYC,2024-01-01,277545629,2024,1,327573919.2,0.8472763328589196,324801572,85.45082688208171,275053322.75
NYC,2024-02-01,275638818,2024,2,318825966.0,0.8645431909394732,324801572,84.86375737122356,278109543.1666667
NYC,2024-03-01,301752483,2024,3,368592066.2,0.8186624473796121,324801572,92.90363994913177,279626419.3333333
NYC,2024-04-01,302210158,2024,4,359502738.4,0.8406338136533094,324801572,93.04454905778596,283121910.0833333
NYC,2024-05-01,322434842,2024,5,374027500.8,0.8620618572440543,324801572,99.27133049713194,285328520.5833333
NYC,2024-06-01,295331262,2024,6,364981595.8,0.8091675454283276,324801572,90.92667260859193,287053970.1666667
NYC,2024-07-01,287511355,2024,7,350211192.8,0.8209656370525916,324801572,88.51907742614004,289815476.1666667
NYC,2024-08-01,286127000,2024,8,347835947.2,0.8225918060029651,324801572,88.09286181656782,290899871.8333333
NYC,2024-09-01,308544551,2024,9,357554622.8,0.8629298331645008,324801572,94.99478376908841,292702944.0833333
NYC,2024-10-01,335324418,2024,10,387564828.0,0.8652085890518424,324801572,103.23977680748418,295974660.0
NYC,2024-11-01,298404057,2024,11,354933696.2,0.8407318330008703,324801572,91.87272560368027,297238242.1666667
NYC,2024-12-01,296802964,2024,12,347595637.4,0.8538742494585752,324801572,91.3797806372686,298968961.4166667
NYC,2025-01-01,288229193,2025,1,327573919.2,0.8798905410537946,324801572,88.74008559293549,299859258.4166667
NYC,2025-02-01,271396537,2025,2,318825966.0,0.85123724521233,324801572,83.55764269515296,299505735.0
NYC,2025-03-01,313623228,2025,3,368592066.2,0.8508680917451609,324801572,96.5584082825806,300494963.75
NYC,2025-04-01,316744526,2025,4,359502738.4,0.8810629020788566,324801572,97.5193943950493,301706161.0833333
NYC,2025-05-01,327040194,2025,5,374027500.8,0.8743747272606966,324801572,100.68922757553649,302089940.4166667
NYC,2025-06-01,309264474,2025,6,364981595.8,0.8473426538730696,324801572,95.21643386627451,303251041.4166667
NYC,2025-07-01,304354933,2025,7,350211192.8,0.8690611244221775,324801572,93.70488299237665,304654672.9166667
NYC,2025-08-01,299395218,2025,8,347835947.2,0.8607368514095889,324801572,92.17788453314506,305760357.75
NYC,2025-09-01,322186562,2025,9,357554622.8,0.901083474958221,324801572,99.19488998039702,306897192.0
NYC,2025-10-01,336736259,2025,10,387564828.0,0.8688514402550481,324801572,103.67445481452289,307014845.4166667
NYC,2025-11-01,302925588,2025,11,354933696.2,0.8534709193384271,324801572,93.26481584885926,307391639.6666667
NYC,2025-12-01,312498570,2025,12,347595637.4,0.8990290336710653,324801572,96.21214825893762,308699606.8333333
SF Bay,2002-01-01,35671417,2002,1,36344866.2,0.9814705824945367,37042822,96.2977847638066,
SF Bay,2002-02-01,33494485,2002,2,34973942.4,0.9576982948310683,37042822,90.42098628446828,
SF Bay,2002-03-01,36849974,2002,3,38977852.2,0.9454080181462641,37042822,99.47939171589033,35338625.333333336
SF Bay,2002-04-01,36465055,2002,4,37832194.2,0.9638630740587601,37042822,98.44027272004277,35620232.75
SF Bay,2002-05-01,37676453,2002,5,38777791.6,0.9715987281751238,37042822,101.71053652445809,36031476.8
SF Bay,2002-06-01,36002433,2002,6,37841994.4,0.9513883602287093,37042822,97.19138838828208,36026636.166666664
SF Bay,2002-07-01,36080726,2002,7,38112052.0,0.9467012167174835,37042822,97.40274647541702,36034363.28571428
SF Bay,2002-08-01,36738186,2002,8,40027973.8,0.9178127822198185,37042822,99.17761125218809,36122341.125
SF Bay,2002-09-01,35533671,2002,9,38209794.2,0.929962375981601,37042822,95.92592864550114,36056933.333333336
SF Bay,2002-10-01,38450732,2002,10,40476741.8,0.9499463220134977,37042822,103.80076334357031,36296313.2
SF Bay,2002-11-01,35216856,2002,11,36751034.6,0.95825481876366,37042822,95.07066173306127,36198180.72727273
SF Bay,2002-12-01,35460730,2002,12,35804322.8,0.9904035945067505,37042822,95.72901870165292,36136726.5
SF Bay,2003-01-01,36641074,2003,1,36344866.2,1.008149921322313,37042822,98.9154498002339,36217531.25
SF Bay,2003-02-01,33349456,2003,2,34973942.4,0.9535515218324372,37042822,90.02946913709759,36205445.5
SF Bay,2003-03-01,36842990,2003,3,38977852.2,0.9452288394689946,37042822,99.46053786074938,36204863.5
SF Bay,2003-04-01,36289280,2003,4,37832194.2,0.9592168989236156,37042822,97.9657543369671,36190215.583333336
SF Bay,2003-05-01,37111510,2003,5,38777791.6,0.9570300027090763,37042822,100.18542863715945,36143137.0
SF Bay,2003-06-01,35748999,2003,6,37841994.4,0.9446911973540169,37042822,96.50722345074033,36122017.5
SF Bay,2003-07-01,36759541,2003,7,38112052.0,0.9645122493010873,37042822,99.23526074768277,36178585.416666664
SF Bay,2003-08-01,37148924,2003,8,40027973.8,0.9280740560492723,37042822,100.2864306612493,36212813.583333336
SF Bay,2003-09-01,36342490,2003,9,38209794.2,0.9511302209526163,37042822,98.10939890054813,36280215.166666664
SF Bay,2003-10-01,38719686,2003,10,40476741.8,0.9565909773893906,37042822,104.52682573698084,36302628.0
SF Bay,2003-11-01,35388519,2003,11,36751034.6,0.9629257893055342,37042822,95.5340794499944,36316933.25
SF Bay,2003-12-01,36256460,2003,12,35804322.8,1.0126280059121802,37042822,97.87715417578067,36383244.083333336
SF Bay,2004-01-01,35380331,2004,1,36344866.2,0.9734615834133955,37042822,95.51197530252959,36278182.166666664
SF Bay,2004-02-01,33274585,2004,2,34973942.4,0.9514107565980323,37042822,89.8273490070492,36271942.916666664
SF Bay,2004-03-01,36893002,2004,3,38977852.2,0.9465119270989487,37042822,99.5955491727925,36276110.583333336
SF Bay,2004-04-01,36239505,2004,4,37832194.2,0.9579012205430051,37042822,97.83138282499102,36271962.666666664
SF Bay,2004-05-01,36608655,2004,5,38777791.6,0.9440623998814827,37042822,98.82793216996264,36230058.083333336
SF Bay,2004-06-01,35893053,2004,6,37841994.4,0.9484979206064256,37042822,96.8961085092275,36242062.583333336
SF Bay,2004-07-01,34968256,2004,7,38112052.0,0.9175117624209791,37042822,94.39954655722505,36092788.833333336
SF Bay,2004-08-01,37272932,2004,8,40027973.8,0.9311720894551001,37042822,100.62119997229154,36103122.833333336
SF Bay,2004-09-01,34987729,2004,9,38209794.2,0.9156743639304918,37042822,94.45211544627998,35990226.083333336
SF Bay,2004-10-01,36685217,2004,10,40476741.8,0.9063283102495172,37042822,99.03461728698748,35820687.0
SF Bay,2004-11-01,31883357,2004,11,36751034.6,0.8675499165403088,37042822,86.07162002938114,35528590.166666664
SF Bay,2004-12-01,33163052,2004,12,35804322.8,0.926230393610461,37042822,89.52625693582416,35270806.166666664
SF Bay,2005-01-01,34192172,2005,1,36344866.2,0.940770336361838,37042822,92.3044469992054,35171792.916666664
SF Bay,2005-02-01,30343764,2005,2,34973942.4,0.8676106243029668,37042822,81.91536811099327,34927557.833333336
SF Bay,2005-03-01,37454291,2005,3,38977852.2,0.9609121305047177,37042822,101.11079280082926,34974331.916666664
SF Bay,2005-04-01,35262906,2005,4,37832194.2,0.932087253876488,37042822,95.19497731571315,34892948.666666664
SF Bay,2005-05-01,33941962,2005,5,38777791.6,0.8752938370012798,37042822,91.62898550223846,34670724.25
SF Bay,2005-06-01,36005761,2005,6,37841994.4,0.9514763048535307,37042822,97.20037258500446,34680116.583333336
SF Bay,2005-07-01,35291381,2005,7,38112052.0,0.9259900516508531,37042822,95.27184780900332,34707043.666666664
SF Bay,2005-08-01,38868678,2005,8,40027973.8,0.9710378595281284,37042822,104.92904131332111,34840022.5
SF Bay,2005-09-01,36048620,2005,9,38209794.2,0.9434392609212221,37042822,97.31607381316682,34928430.083333336
SF Bay,2005-10-01,38204646,2005,10,40476741.8,0.9438666330598774,37042822,103.13643490768602,35055049.166666664
SF Bay,2005-11-01,32948328,2005,11,36751034.6,0.8965279034620701,37042822,88.94659267590357,35143796.75
SF Bay,2005-12-01,34053606,2005,12,35804322.8,0.9511032003096566,37042822,91.93037722665946,35218009.583333336
SF Bay,2006-01-01,32942758,2006,1,36344866.2,0.9063937068504051,37042822,88.93155602453831,35113891.75
SF Bay,2006-02-01,31757329,2006,2,34973942.4,0.9080282867967439,37042822,85.73139757008794,35231688.833333336
SF Bay,2006-03-01,36885834,2006,3,38977852.2,0.9463280277921521,37042822,99.57619859523662,35184317.416666664
SF Bay,2006-04-01,34892663,2006,4,37832194.2,0.9223008006234013,37042822,94.19547733161366,35153463.833333336
SF Bay,2006-05-01,38746351,2006,5,38777791.6,0.9991892111772553,37042822,104.59880999347189,35553829.583333336
SF Bay,2006-06-01,38260026,2006,6,37841994.4,1.0110467644908272,37042822,103.28593755626933,35741685.0
SF Bay,2006-07-01,35565802,2006,7,38112052.0,0.9331904249081104,37042822,96.01266879720988,35764553.416666664
SF Bay,2006-08-01,38931211,2006,8,40027973.8,0.9726000919886683,37042822,105.09785404578518,35769764.5
SF Bay,2006-09-01,35574061,2006,9,38209794.2,0.9310194348023993,37042822,96.03496461473696,35730217.916666664
SF Bay,2006-10-01,38339272,2006,10,40476741.8,0.9471926418741541,37042822,103.49986834156427,35741436.75
SF Bay,2006-11-01,33096395,2006,11,36751034.6,0.9005568240519682,37042822,89.34631114227744,35753775.666666664
SF Bay,2006-12-01,33734025,2006,12,35804322.8,0.942177434507992,37042822,91.06764328052544,35727143.916666664
SF Bay,2007-01-01,33101034,2007,1,36344866.2,0.9107485447284436,37042822,89.35883448620626,35740333.583333336
SF Bay,2007-02-01,31161237,2007,2,34973942.4,0.8909843975725197,37042822,84.12220051701244,35690659.25
SF Bay,2007-03-01,36549663,2007,3,38977852.2,0.9377033606792731,37042822,98.66867864440782,35662645.0
SF Bay,2007-04-01,35078466,2007,4,37832194.2,0.9272120410081844,37042822,94.69706708630352,35678128.583333336
SF Bay,2007-05-01,38420680,2007,5,38777791.6,0.9907908216206928,37042822,103.71963561523472,35650989.333333336
SF Bay,2007-06-01,37238541,2007,6,37841994.4,0.9840533404867267,37042822,100.52835877352973,35565865.583333336
SF Bay,2007-07-01,36034901,2007,7,38112052.0,0.9454988411539741,37042822,97.2790382978921,35604957.166666664
SF Bay,2007-08-01,39608146,2007,8,40027973.8,0.9895116399821368,37042822,106.92529311076785,35661368.416666664
SF Bay,2007-09-01,35814624,2007,9,38209794.2,0.9373152813264825,37042822,96.68438327943805,35681415.333333336
SF Bay,2007-10-01,38817653,2007,10,40476741.8,0.9590113055987131,37042822,104.79129532841746,35721280.416666664
SF Bay,2007-11-01,33534181,2007,11,36751034.6,0.9124690329126135,37042822,90.52814874633471,35757762.583333336
SF Bay,2007-12-01,34190186,2007,12,35804322.8,0.9549178234981169,37042822,92.29908563661807,35795776.0
SF Bay,2008-01-01,33108202,2008,1,36344866.2,0.9109457665302947,37042822,89.37818506376215,35796373.333333336
SF Bay,2008-02-01,32495022,2008,2,34973942.4,0.9291209331893908,37042822,87.72285761597753,35907522.083333336
SF Bay,2008-03-01,36326572,2008,3,38977852.2,0.9319798282779674,37042822,98.06642701249922,35888931.166666664
SF Bay,2008-04-01,36406553,2008,4,37832194.2,0.9623167191291273,37042822,98.28234198787554,35999605.083333336
SF Bay,2008-05-01,38465905,2008,5,38777791.6,0.9919570819499685,37042822,103.8417240457544,36003373.833333336
SF Bay,2008-06-01,38186662,2008,6,37841994.4,1.009108071745817,37042822,103.08788569078243,36082383.916666664
SF Bay,2008-07-01,40582217,2008,7,38112052.0,1.0648132249609652,37042822,109.55487408599703,36461326.916666664
SF Bay,2008-08-01,39531408,2008,8,40027973.8,0.9875945307029257,37042822,106.71813286795482,36454932.083333336
SF Bay,2008-09-01,38815473,2008,9,38209794.2,1.0158514017853568,37042822,104.78541024763177,36705002.833333336
SF Bay,2008-10-01,40525007,2008,10,40476741.8,1.0011924181110843,37042822,109.40043120904774,36847282.333333336
SF Bay,2008-11-01,34996945,2008,11,36751034.6,0.9522710144328834,37042822,94.4769947602804,36969179.333333336
SF Bay,2008-12-01,34971579,2008,12,35804322.8,0.976741808394153,37042822,94.40851725605572,37034295.416666664
SF Bay,2009-01-01,35357599,2009,1,36344866.2,0.9728361305674582,37042822,95.45060848765789,37221745.166666664
SF Bay,2009-02-01,33105419,2009,2,34973942.4,0.9465738412149955,37042822,89.3706721372362,37272611.583333336
SF Bay,2009-03-01,37233951,2009,3,38977852.2,0.9552591766459619,37042822,100.51596770893967,37348226.5
SF Bay,2009-04-01,36513986,2009,4,37832194.2,0.9651564433976181,37042822,98.57236578789812,37357179.25
SF Bay,2009-05-01,36711880,2009,5,38777791.6,0.9467243616833507,37042822,99.10659614432184,37211010.5
SF Bay,2009-06-01,37644616,2009,6,37841994.4,0.994784143829375,37042822,101.62459004878193,37165840.0
SF Bay,2009-07-01,40422746,2009,7,38112052.0,1.0606289579999524,37042822,109.12436962821029,37152550.75
SF Bay,2009-08-01,40146165,2009,8,40027973.8,1.002952715033505,37042822,108.37771755078487,37203780.5
SF Bay,2009-09-01,39203408,2009,9,38209794.2,1.0260041651833864,37042822,105.832671171759,37236108.416666664
SF Bay,2009-10-01,40558056,2009,10,40476741.8,1.0020089116955555,37042822,109.48964957367448,37238862.5
SF Bay,2009-11-01,35215453,2009,11,36751034.6,0.9582166429676513,37042822,95.06687422464736,37257071.5
SF Bay,2009-12-01,35182762,2009,12,35804322.8,0.982640062668634,37042822,94.97862230906706,37274670.083333336
SF Bay,2010-01-01,33011226,2010,1,36344866.2,0.9082775492512336,37042822,89.11639075446249,37079139.0
SF Bay,2010-02-01,31210178,2010,2,34973942.4,0.8923837536828563,37042822,84.25432058065122,36921202.25
SF Bay,2010-03-01,36258921,2010,3,38977852.2,0.9302442016032889,37042822,97.88379783808048,36839949.75
SF Bay,2010-04-01,34763300,2010,4,37832194.2,0.9188814113245379,37042822,93.8462517785497,36694059.25
SF Bay,2010-05-01,34716053,2010,5,38777791.6,0.8952560619774953,37042822,93.71870480062238,36527740.333333336
SF Bay,2010-06-01,35769538,2010,6,37841994.4,0.9452339541596677,37042822,96.56267009030792,36371483.833333336
SF Bay,2010-07-01,34682319,2010,7,38112052.0,0.9100092275272924,37042822,93.6276372248313,35893114.916666664
SF Bay,2010-08-01,35706784,2010,8,40027973.8,0.8920457522633835,37042822,96.39326075103025,35523166.5
SF Bay,2010-09-01,35881074,2010,9,38209794.2,0.9390543642341836,37042822,96.86377026026797,35246305.333333336
SF Bay,2010-10-01,36519835,2010,10,40476741.8,0.9022424576673808,37042822,98.58815562162083,34909786.916666664
SF Bay,2010-11-01,33326960,2010,11,36751034.6,0.9068305249833701,37042822,89.9687394227146,34752412.5
SF Bay,2010-12-01,33464271,2010,12,35804322.8,0.934643316309281,37042822,90.33942122444128,34609204.916666664
SF Bay,2011-01-01,33393972,2011,1,36344866.2,0.9188085001121836,37042822,90.14964356657276,34641100.416666664
SF Bay,2011-02-01,32178280,2011,2,34973942.4,0.920064419160249,37042822,86.86778777275663,34721775.583333336
SF Bay,2011-03-01,35760745,2011,3,38977852.2,0.9174631997809258,37042822,96.53893269794618,34680260.916666664
SF Bay,2011-04-01,34958599,2011,4,37832194.2,0.9240436548615517,37042822,94.37347672917576,34696535.833333336
SF Bay,2011-05-01,35385836,2011,5,38777791.6,0.9125283967950356,37042822,95.52683648130264,34752351.083333336
SF Bay,2011-06-01,35277265,2011,6,37841994.4,0.9322253110422742,37042822,95.2337405611268,34711328.333333336
SF Bay,2011-07-01,36132843,2011,7,38112052.0,0.9480686844151032,37042822,97.54344039987018,34832205.333333336
SF Bay,2011-08-01,38301807,2011,8,40027973.8,0.9568759885617794,37042822,103.39872863897897,35048457.25
SF Bay,2011-09-01,37915384,2011,9,38209794.2,0.9922949022321611,37042822,102.35554947730495,35217983.083333336
SF Bay,2011-10-01,38260071,2011,10,40476741.8,0.945235937938068,37042822,103.28605903729473,35363002.75
SF Bay,2011-11-01,35191047,2011,11,36751034.6,0.9575525528198326,37042822,95.00098831563103,35518343.333333336
SF Bay,2011-12-01,34400034,2011,12,35804322.8,0.9607787917720372,37042822,92.86558675254277,35596323.583333336
SF Bay,2012-01-01,34902191,2012,1,36344866.2,0.9603059427413712,37042822,94.22119891405681,35722008.5
SF Bay,2012-02-01,35112866,2012,2,34973942.4,1.0039722030307914,37042822,94.78993258127039,35966557.333333336
SF Bay,2012-03-01,36949260,2012,3,38977852.2,0.9479552595768732,37042822,99.74742205116014,36065600.25
SF Bay,2012-04-01,36649402,2012,4,37832194.2,0.9687358287032687,37042822,98.93793188866658,36206500.5
SF Bay,2012-05-01,37078117,2012,5,38777791.6,0.9561688654802095,37042822,100.09528161758303,36347523.916666664
SF Bay,2012-06-01,35991568,2012,6,37841994.4,0.9511012453402826,37042822,97.1620574695956,36407049.166666664
SF Bay,2012-07-01,37008248,2012,7,38112052.0,0.9710379278449767,37042822,99.9066647784016,36479999.583333336
SF Bay,2012-08-01,39322512,2012,8,40027973.8,0.9823757804098493,37042822,106.15420175061176,36565058.333333336
SF Bay,2012-09-01,36960473,2012,9,38209794.2,0.9673036396516367,37042822,99.77769242310967,36485482.416666664
SF Bay,2012-10-01,40320113,2012,10,40476741.8,0.9961304000017117,37042822,108.8473038042296,36657152.583333336
SF Bay,2012-11-01,35545731,2012,11,36751034.6,0.9672035464275065,37042822,95.9584855603064,36686709.583333336
SF Bay,2012-12-01,34376076,2012,12,35804322.8,0.96010965469231,37042822,92.80091025462369,36684713.083333336
SF Bay,2013-01-01,34835479,2013,1,36344866.2,0.9584704152797238,37042822,94.04110464370127,36679153.75
SF Bay,2013-02-01,33185761,2013,2,34973942.4,0.9488710371982543,37042822,89.58756166039402,36518561.666666664
SF Bay,2013-03-01,36990204,2013,3,38977852.2,0.9490057022690439,37042822,99.85795358679746,36521973.666666664
SF Bay,2013-04-01,37659435,2013,4,37832194.2,0.99543354004035,37042822,101.66459510023292,36606143.083333336
SF Bay,2013-05-01,38595884,2013,5,38777791.6,0.9953089747380044,37042822,104.19261253907707,36732623.666666664
SF Bay,2013-06-01,36267968,2013,6,37841994.4,0.9584053001181143,37042822,97.9082209233411,36755657.0
SF Bay,2013-07-01,36277745,2013,7,38112052.0,0.9518706838456245,37042822,97.93461470079143,36694781.75
SF Bay,2013-08-01,39305189,2013,8,40027973.8,0.9819430080670234,37042822,106.10743695499225,36693338.166666664
SF Bay,2013-09-01,39079077,2013,9,38209794.2,1.0227502612406114,37042822,105.49702989691228,36869888.5
SF Bay,2013-10-01,39001307,2013,10,40476741.8,0.9635485779144408,37042822,105.28708368925024,36759988.0
SF Bay,2013-11-01,35734094,2013,11,36751034.6,0.9723289259453937,37042822,96.46698623555193,36775684.916666664
SF Bay,2013-12-01,36481923,2013,12,35804322.8,1.0189250947095139,37042822,98.48580920751664,36951172.166666664
SF Bay,2014-01-01,37510522,2014,1,36344866.2,1.0320720894550988,37042822,101.26259279058168,37174092.416666664
SF Bay,2014-02-01,34782590,2014,2,34973942.4,0.994528715184251,37042822,93.89832664476805,37307161.5
SF Bay,2014-03-01,38905196,2014,3,38977852.2,0.9981359619399449,37042822,105.02762451521647,37466744.166666664
SF Bay,2014-04-01,40434987,2014,4,37832194.2,1.0687983569295592,37042822,109.15741516669546,37698040.166666664
SF Bay,2014-05-01,41009842,2014,5,38777791.6,1.057560018451386,37042822,110.7092812745206,37899203.333333336
SF Bay,2014-06-01,39275101,2014,6,37841994.4,1.03787079995974,37042822,106.02621204183633,38149797.75
SF Bay,2014-07-01,39893544,2014,7,38112052.0,1.0467435340400983,37042822,107.69574737043521,38451114.333333336
SF Bay,2014-08-01,40148104,2014,8,40027973.8,1.0030011561564478,37042822,108.38295203319012,38521357.25
SF Bay,2014-09-01,39984112,2014,9,38209794.2,1.0464362040452968,37042822,107.94024278171894,38596776.833333336
SF Bay,2014-10-01,42211020,2014,10,40476741.8,1.0428462895696808,37042822,113.95195538828008,38864252.916666664
SF Bay,2014-11-01,35620823,2014,11,36751034.6,0.9692468086327017,37042822,96.16120229716839,38854813.666666664
SF Bay,2014-12-01,35789732,2014,12,35804322.8,0.9995924849610618,37042822,96.61718537534747,38797131.083333336
SF Bay,2015-01-01,36067504,2015,1,36344866.2,0.9923686003279328,37042822,97.3670526505783,38676879.583333336
SF Bay,2015-02-01,33928284,2015,2,34973942.4,0.9701017864088437,37042822,91.59206066967576,38605687.416666664
SF Bay,2015-03-01,38969463,2015,3,38977852.2,0.9997847700802764,37042822,105.20111831652568,38611043.0
SF Bay,2015-04-01,38117292,2015,4,37832194.2,1.0075358515684505,37042822,102.90061594119368,38417901.75
SF Bay,2015-05-01,37626741,2015,5,38777791.6,0.9703167572853736,37042822,101.57633508591759,38135976.666666664
SF Bay,2015-06-01,38196478,2015,6,37841994.4,1.0093674661079703,37042822,103.11438475178807,38046091.416666664
SF Bay,2015-07-01,40995634,2015,7,38112052.0,1.0756606335444756,37042822,110.67092566543661,38137932.25
SF Bay,2015-08-01,41121653,2015,8,40027973.8,1.027322871886161,37042822,111.01112382852475,38219061.333333336
SF Bay,2015-09-01,40794545,2015,9,38209794.2,1.0676462894950636,37042822,110.12807015621003,38286597.416666664
SF Bay,2015-10-01,42217770,2015,10,40476741.8,1.0430130520041019,37042822,113.970177542089,38287159.916666664
SF Bay,2015-11-01,36858255,2015,11,36751034.6,1.0029174797707598,37042822,99.50174692414093,38390279.25
SF Bay,2015-12-01,36839079,2015,12,35804322.8,1.0289003147966258,37042822,99.44997980985359,38477724.833333336
SF Bay,2016-01-01,36219021,2016,1,36344866.2,0.9965374697128475,37042822,97.77608466223226,38490351.25
SF Bay,2016-02-01,38386722,2016,2,34973942.4,1.0975806376349497,37042822,103.62796333389504,38861887.75
SF Bay,2016-03-01,40001018,2016,3,38977852.2,1.0262499276448074,37042822,107.98588185316981,38947850.666666664
SF Bay,2016-04-01,38709677,2016,4,37832194.2,1.0231940763298364,37042822,104.49980565735515,38997216.083333336
SF Bay,2016-05-01,39323586,2016,5,38777791.6,1.0140749222036667,37042822,106.15710109775114,39138619.833333336
SF Bay,2016-06-01,38794368,2016,6,37841994.4,1.0251671090570216,37042822,104.7284356467226,39188444.0
SF Bay,2016-07-01,38026406,2016,7,38112052.0,0.9977527843423387,37042822,102.65526206399717,38941008.333333336
SF Bay,2016-08-01,41003917,2016,8,40027973.8,1.0243815288996718,37042822,110.69328627284389,38931197.0
SF Bay,2016-09-01,39551000,2016,9,38209794.2,1.0351010998117336,37042822,106.77102300683248,38827568.25
SF Bay,2016-10-01,39857828,2016,10,40476741.8,0.9847093967429958,37042822,107.59932923037019,38630906.416666664
SF Bay,2016-11-01,37708079,2016,11,36751034.6,1.0260412913654409,37042822,101.7959133891041,38701725.083333336
SF Bay,2016-12-01,35708199,2016,12,35804322.8,0.9973153018271862,37042822,96.39708065438427,38607485.083333336
SF Bay,2017-01-01,35500408,2017,1,36344866.2,0.9767654062790303,37042822,95.83613257110919,38547600.666666664
SF Bay,2017-02-01,34158965,2017,2,34973942.4,0.9766975827123224,37042822,92.2148021012006,38195287.583333336
SF Bay,2017-03-01,39591516,2017,3,38977852.2,1.0157439100761945,37042822,106.88039912293938,38161162.416666664
SF Bay,2017-04-01,36938283,2017,4,37832194.2,0.9763716797584,37042822,99.71778877969935,38013546.25
SF Bay,2017-05-01,39609943,2017,5,38777791.6,1.0214594840413758,37042822,106.93014425304854,38037409.333333336
SF Bay,2017-06-01,38417492,2017,6,37841994.4,1.0152079088093728,37042822,103.71102935948022,38006003.0
SF Bay,2017-07-01,36942562,2017,7,38112052.0,0.9693144310361458,37042822,99.72934027542502,37915682.666666664
SF Bay,2017-08-01,39713378,2017,8,40027973.8,0.9921406014310923,37042822,107.20937513885956,37808137.75
SF Bay,2017-09-01,37280778,2017,9,38209794.2,0.9756864380075618,37042822,100.64238086396333,37618952.583333336
SF Bay,2017-10-01,39549855,2017,10,40476741.8,0.9771007556739659,37042822,106.76793198963081,37593288.166666664
SF Bay,2017-11-01,36920407,2017,11,36751034.6,1.0046086430448409,37042822,99.66953111725667,37527648.833333336
SF Bay,2017-12-01,35908701,2017,12,35804322.8,1.0029152401675923,37042822,96.93835151112408,37544357.333333336
SF Bay,2018-01-01,36894576,2018,1,36344866.2,1.0151248266254451,37042822,99.59979830910291,37660538.0
SF Bay,2018-02-01,34452206,2018,2,34973942.4,0.9850821393243903,37042822,93.00642915380475,37684974.75
SF Bay,2018-03-01,38591751,2018,3,38977852.2,0.9900943438848587,37042822,104.18145518178935,37601661.0
SF Bay,2018-04-01,37303657,2018,4,37832194.2,0.9860294331011865,37042822,100.70414451685133,37632108.833333336
SF Bay,2018-05-01,38683156,2018,5,38777791.6,0.9975595412710403,37042822,104.42821014014537,37554876.583333336
SF Bay,2018-06-01,37553103,2018,6,37841994.4,0.9923658516264672,37042822,101.37754353596495,37482844.166666664
SF Bay,2018-07-01,37689692,2018,7,38112052.0,0.9889179412328678,37042822,101.74627624212864,37545105.0
SF Bay,2018-08-01,39789540,2018,8,40027973.8,0.9940433207738335,37042822,107.41498042454758,37551451.833333336
SF Bay,2018-09-01,36786205,2018,9,38209794.2,0.9627428194837019,37042822,99.30724230459548,37510237.416666664
SF Bay,2018-10-01,40750145,2018,10,40476741.8,1.006754575290445,37042822,110.00820887782254,37610261.583333336
SF Bay,2018-11-01,36280857,2018,11,36751034.6,0.987206411870647,37042822,97.94301578859191,37556965.75
SF Bay,2018-12-01,35420909,2018,12,35804322.8,0.989291410365678,37042822,95.62151879249372,37516316.416666664
SF Bay,2019-01-01,37042822,2019,1,36344866.2,1.0192036970547438,37042822,100.0,37528670.25
SF Bay,2019-02-01,33943535,2019,2,34973942.4,0.9705378539194941,37042822,91.63323193897052,37486281.0
SF Bay,2019-03-01,37735513,2019,3,38977852.2,0.9681270483138626,37042822,101.86997362134018,37414927.833333336
SF Bay,2019-04-01,38092062,2019,4,37832194.2,1.006868959242126,37042822,102.83250557962349,37480628.25
SF Bay,2019-05-01,38645532,2019,5,38777791.6,0.9965892951985434,37042822,104.32664120460369,37477492.916666664
SF Bay,2019-06-01,36248531,2019,6,37841994.4,0.9578916643991682,37042822,97.85574921910647,37368778.583333336
SF Bay,2019-07-01,36905966,2019,7,38112052.0,0.9683542098441721,37042822,99.63054650641897,37303468.083333336
SF Bay,2019-08-01,38511381,2019,8,40027973.8,0.962111677009242,37042822,103.96449007043793,37196954.833333336
SF Bay,2019-09-01,36636443,2019,9,38209794.2,0.9588233532019389,37042822,98.90294805293182,37184474.666666664
SF Bay,2019-10-01,40008111,2019,10,40476741.8,0.9884222202884918,37042822,108.00502996235006,37122638.5
SF Bay,2019-11-01,35987575,2019,11,36751034.6,0.979226173948311,37042822,97.15127805327575,37098198.333333336
SF Bay,2019-12-01,35144726,2019,12,35804322.8,0.9815777328429182,37042822,94.87594114724844,37075183.083333336
SF Bay,2020-01-01,36495437,2020,1,36344866.2,1.0041428354467294,37042822,98.52229130923125,37029567.666666664
SF Bay,2020-02-01,34105342,2020,2,34973942.4,0.975164355506001,37042822,92.07004261176431,37043051.583333336
SF Bay,2020-03-01,28164279,2020,3,38977852.2,0.7225713427072823,37042822,76.03167760814767,36245448.75
SF Bay,2020-04-01,5050755,2020,4,37832194.2,0.13350415186862197,37042822,13.634908809053478,33492006.5
SF Bay,2020-05-01,5992212,2020,5,38777791.6,0.15452690193940802,37042822,16.176445736234673,30770896.5
SF Bay,2020-06-01,7187248,2020,6,37841994.4,0.1899278331905255,37042822,19.402539039817217,28349122.916666668
SF Bay,2020-07-01,8153310,2020,7,38112052.0,0.21392996630042382,37042822,22.01049909210481,25953068.25
SF Bay,2020-08-01,8172519,2020,8,40027973.8,0.20417018959875508,37042822,22.06235529247745,23424829.75
SF Bay,2020-09-01,8386992,2020,9,38209794.2,0.21949848659483226,37042822,22.641341958234175,21070708.833333332
SF Bay,2020-10-01,9133429,2020,10,40476741.8,0.225646348837297,37042822,24.656407117146745,18497818.666666668
SF Bay,2020-11-01,8464273,2020,11,36751034.6,0.23031386985769373,37042822,22.84996807208695,16204210.166666666
SF Bay,2020-12-01,8195517,2020,12,35804322.8,0.22889741682252962,37042822,22.124440195188154,13958442.75
SF Bay,2021-01-01,7841893,2021,1,36344866.2,0.215763430159498,37042822,21.169804503555373,11570647.416666666
SF Bay,2021-02-01,8242738,2021,2,34973942.4,0.23568226612050464,37042822,22.25191698407859,9415430.416666666
SF Bay,2021-03-01,9851407,2021,3,38977852.2,0.2527437106963015,37042822,26.594644976022614,7889357.75
SF Bay,2021-04-01,10164506,2021,4,37832194.2,0.2686734463844553,37042822,27.439880255343397,8315503.666666667
SF Bay,2021-05-01,11114468,2021,5,38777791.6,0.28661941646001315,37042822,30.004377096323815,8742358.333333334
SF Bay,2021-06-01,12436134,2021,6,37841994.4,0.32863315470497506,37042822,33.57231800536147,9179765.5
SF Bay,2021-07-01,12771972,2021,7,38112052.0,0.33511635636937104,37042822,34.478938996602366,9564654.0
SF Bay,2021-08-01,14026334,2021,8,40027973.8,0.35041329021755285,37042822,37.86518748490598,10052471.916666666
SF Bay,2021-09-01,15549713,2021,9,38209794.2,0.4069562091491191,37042822,41.97766844005567,10649365.333333334
SF Bay,2021-10-01,15904294,2021,10,40476741.8,0.39292426447229506,37042822,42.9348876281618,11213604.083333334
SF Bay,2021-11-01,15470378,2021,11,36751034.6,0.42095081589893524,37042822,41.76349739228831,11797446.166666666
SF Bay,2021-12-01,14723815,2021,12,35804322.8,0.41123009314394854,37042822,39.74809208650464,12341471.0
SF Bay,2022-01-01,13571654,2022,1,36344866.2,0.3734132332560354,37042822,36.637743204337944,12818951.083333334
SF Bay,2022-02-01,14263819,2022,2,34973942.4,0.4078413247458199,37042822,38.5062968474702,13320707.833333334
SF Bay,2022-03-01,17581880,2022,3,38977852.2,0.45107359712344536,37042822,47.46366246070561,13964913.916666666
SF Bay,2022-04-01,17652419,2022,4,37832194.2,0.4665978110251929,37042822,47.65408801737621,14588906.666666666
SF Bay,2022-05-01,18482836,2022,5,38777791.6,0.47663456936005605,37042822,49.89586376545502,15202937.333333334
SF Bay,2022-06-01,18268704,2022,6,37841994.4,0.4827627161215372,37042822,49.31779765591293,15688984.833333334
SF Bay,2022-07-01,18202072,2022,7,38112052.0,0.4775935969021033,37042822,49.13791935182476,16141493.166666666
SF Bay,2022-08-01,20791241,2022,8,40027973.8,0.5194177727776969,37042822,56.12758390815905,16705235.416666666
SF Bay,2022-09-01,21461689,2022,9,38209794.2,0.5616803086576163,37042822,57.937510808436784,17197900.083333332
SF Bay,2022-10-01,21940164,2022,10,40476741.8,0.5420437274425087,37042822,59.22919155565416,17700889.25
SF Bay,2022-11-01,20074874,2022,11,36751034.6,0.546239696881894,37042822,54.193695069992245,18084597.25
SF Bay,2022-12-01,18669012,2022,12,35804322.8,0.5214178216491782,37042822,50.39846046286647,18413363.666666668
SF Bay,2023-01-01,19366993,2023,1,36344866.2,0.5328673627088494,37042822,52.28271485363615,18896308.583333332
SF Bay,2023-02-01,19607492,2023,2,34973942.4,0.5606314488583364,37042822,52.931960745323344,19341614.666666668
SF Bay,2023-03-01,22106093,2023,3,38977852.2,0.5671449747043784,37042822,59.677129890373905,19718632.416666668
SF Bay,2023-04-01,22279073,2023,4,37832194.2,0.5888919073057624,37042822,60.14410295198351,20104186.916666668
SF Bay,2023-05-01,23220967,2023,5,38777791.6,0.5988212851192898,37042822,62.686819594900186,20499031.166666668
SF Bay,2023-06-01,22124361,2023,6,37841994.4,0.5846510299150618,37042822,59.72644578752666,20820335.916666668
SF Bay,2023-07-01,22161577,2023,7,38112052.0,0.5814847492336545,37042822,59.82691329510479,21150294.666666668
SF Bay,2023-08-01,24723585,2023,8,40027973.8,0.6176576691973352,37042822,66.74325460409037,21477990.0
SF Bay,2023-09-01,24255804,2023,9,38209794.2,0.6348059315116645,37042822,65.480443147663,21710832.916666668
SF Bay,2023-10-01,25179765,2023,10,40476741.8,0.6220798384518194,37042822,67.97474825217151,21980799.666666668
SF Bay,2023-11-01,22564219,2023,11,36751034.6,0.6139750688814621,37042822,60.91387691790868,22188245.083333332
SF Bay,2023-12-01,21565628,2023,12,35804322.8,0.602319114383585,37042822,58.21810228173221,22429629.75
SF Bay,2024-01-01,22468418,2024,1,36344866.2,0.6182005974753044,37042822,60.65525461316095,22688081.833333332
SF Bay,2024-02-01,22584177,2024,2,34973942.4,0.6457429574768214,37042822,60.967755102459535,22936138.916666668
SF Bay,2024-03-01,24468904,2024,3,38977852.2,0.627764297387325,37042822,66.05572329235608,23133039.833333332
SF Bay,2024-04-01,24339690,2024,4,37832194.2,0.6433591948520924,37042822,65.70689997646507,23304757.916666668
SF Bay,2024-05-01,25544322,2024,5,38777791.6,0.6587358626167871,37042822,68.95889843381802,23498370.833333332
SF Bay,2024-06-01,23241718,2024,6,37841994.4,0.6141779356111315,37042822,62.74283854507628,23591483.916666668
SF Bay,2024-07-01,24222536,2024,7,38112052.0,0.6355610555946974,37042822,65.39063357537933,23763230.5
SF Bay,2024-08-01,25759830,2024,8,40027973.8,0.6435456895397489,37042822,69.54067916315879,23849584.25
SF Bay,2024-09-01,26100882,2024,9,38209794.2,0.6830940220033951,37042822,70.4613757558752,24003340.75
SF Bay,2024-10-01,27976310,2024,10,40476741.8,0.6911700091433743,37042822,75.52424056676892,24236386.166666668
SF Bay,2024-11-01,23157852,2024,11,36751034.6,0.6301278930525672,37042822,62.51643570784105,24285855.583333332
SF Bay,2024-12-01,22856058,2024,12,35804322.8,0.6383602931878383,37042822,61.70171916167726,24393391.416666668
SF Bay,2025-01-01,24188221,2025,1,36344866.2,0.6655196050769888,37042822,65.29799754457152,24536708.333333332
SF Bay,2025-02-01,22566336,2025,2,34973942.4,0.645232834831912,37042822,60.91959192525883,24535221.583333332
SF Bay,2025-03-01,25469676,2025,3,38977852.2,0.6534396987630837,37042822,68.75738570889659,24618619.25
SF Bay,2025-04-01,26429020,2025,4,37832194.2,0.6985854391707472,37042822,71.34720999388222,24792730.083333332
SF Bay,2025-05-01,26739003,2025,5,38777791.6,0.6895442441853754,37042822,72.18403338708914,24892286.833333332
SF Bay,2025-06-01,24924436,2025,6,37841994.4,0.6586448836850946,37042822,67.28546761367154,25032513.333333332
SF Bay,2025-07-01,25780723,2025,7,38112052.0,0.6764454194174588,37042822,69.59708145345945,25162362.25
SF Bay,2025-08-01,27283941,2025,8,40027973.8,0.6816218361769789,37042822,73.65513620965487,25289371.5
SF Bay,2025-09-01,27834445,2025,9,38209794.2,0.728463619937529,37042822,75.1412648852725,25433835.083333332
SF Bay,2025-10-01,28787005,2025,10,40476741.8,0.7111986716282584,37042822,77.7127752307856,25501393.0
SF Bay,2025-11-01,24442502,2025,11,36751034.6,0.6650833715576541,37042822,65.984449024969,25608447.166666668
SF Bay,2025-12-01,23895600,2025,12,35804322.8,0.6673942734087964,37042822,64.50804423053945,25695075.666666668
